tile_id,caption_lr,caption_sr,caption_gt,bleu1_lr,bleu1_sr,rouge1_lr,rouge1_sr,tfidf_lr,tfidf_sr
tile_0000,a black and white image of a man with a beard,aerial view of the lake,aerial view of a farm in the countryside,0.18181818181818182,0.43904930887522114,0.2105263157894737,0.6153846153846154,0.07244081925041986,0.5193879933129156
tile_0001,a white and black cat,an aerial view of a lake and a road,a large field with a road going through it,0.08986579282344431,0.3333333333333333,0.14285714285714285,0.3333333333333333,0.0,0.07780894359285004
tile_0002,a white and black cat,a satellite image of a lake in the middle of a green field,an aerial view of the river and surrounding farmland,0.08986579282344431,0.15384615384615385,0.14285714285714285,0.18181818181818185,0.09269789668627057,0.17378935844289217
tile_0003,a black and white photo of a person ' s face,an aerial view of a field with a road,aerial view of a field,0.18181818181818182,0.5555555555555556,0.26666666666666666,0.7142857142857143,0.1059921313509325,0.6348087971775132
tile_0004,a white house with a green roof,an aerial view of a road and a field,an aerial view of the site of the former estate,0.0,0.39770636302860873,0.0,0.4210526315789474,0.0,0.3477492453816745
tile_0005,a green leaf with white flowers,an aerial view of a house in the middle of a field,oblique oblique oblique oblique oblique oblique oblique oblique oblique oblique oblique oblique oblique oblique oblique oblique oblique oblique oblique oblique oblique,0.0,0.0,0.0,0.0,0.0,0.0
tile_0006,a white and black cat sitting on a green chair,an aerial view of the site of the proposed site,aerial view of the fields and fields of the countryside,0.10000000000000002,0.6,0.10000000000000002,0.6,0.04692402084245643,0.45762416226963243
tile_0007,a city with lots of buildings and trees,"an aerial view of the city of fort, texas",an aerial view of a small town,0.25,0.4444444444444444,0.26666666666666666,0.5,0.0845798608014702,0.45936277407082354
tile_0008,a black and white photo of a city,a map of the city of edmonton,an aerial view of a small town in the democratic democratic democratic democratic democratic democratic democratic democratic democratic democratic democratic democratic,0.049227918801048515,0.05800083567283401,0.13793103448275862,0.21428571428571427,0.017527374753581917,0.052548972223450195
tile_0009,an aerial view of a city with a red car,an aerial view of the site of the former building,an aerial view of a small town,0.5,0.4,0.588235294117647,0.47058823529411764,0.41120705506761873,0.388554144665772
tile_0010,a man in a suit and tie is standing in front of a camera,an aerial view of the site of the proposed new school,an aerial view of a rural area,0.14285714285714285,0.36363636363636365,0.19047619047619047,0.4444444444444444,0.061005457719230355,0.37134327575442994
tile_0011,a close up of a purple flower,an aerial view of the site of the site,aerial view of the site of the battle of the sommeer,0.08067401742967989,0.622795757824184,0.1111111111111111,0.7000000000000001,0.16608457334706025,0.8014085606669208
tile_0012,a cell with a cell in the middle,aerial view of the site of the proposed site,an aerial view of a farm in the countryside,0.3309363384692233,0.4444444444444444,0.35294117647058826,0.4444444444444444,0.14438355527738672,0.3901052651831878
tile_0013,a black and white dog is looking up at the camera,aerial view of the fields,aerial view of the fields,0.0909090909090909,1.0,0.12500000000000003,1.0,0.07734781234369076,1.0000000000000002
tile_0014,a black and white cat is looking at the camera,aerial view of the road,aerial view of the fields,0.10000000000000002,0.8,0.13333333333333333,0.8000000000000002,0.08176804146599938,0.6694188517266485
tile_0015,a green and white mosaic tile,a satellite image of a road in the middle of a green field,an aerial view of the farm and fields,0.11942188509563156,0.15384615384615385,0.14285714285714288,0.1904761904761905,0.08704446792504217,0.18576795947976335
tile_0016,a purple vase sitting on top of a table,an aerial view of the site of the proposed site,an aerial view of a farm in the countryside,0.2222222222222222,0.5,0.2222222222222222,0.5263157894736842,0.07244081925041986,0.46348639791287216
tile_0017,a black cat is sitting on a green surface,aerial view of the fields,aerial view of the fields,0.0,1.0,0.0,1.0,0.0,1.0000000000000002
tile_0018,a green diamond,a green patch of land with a small patch of land in the middle,a road that is winding through the countryside,0.06295853427918728,0.14285714285714285,0.18181818181818182,0.18181818181818182,0.0,0.04743492331868173
tile_0019,a close up of a green plant with a blur,an aerial view of the wetlands and wetlands,an aerial view of a vineyard in the hills,0.2,0.5515605641153721,0.2105263157894737,0.5882352941176471,0.07244081925041986,0.392181175971253
tile_0020,a cell with a cell membrane,a green and purple algae in the ocean,a large pond surrounded by trees in the middle of a forest,0.12262648039048077,0.22744899739223753,0.2222222222222222,0.3,0.0,0.1375436045558623
tile_0021,a black and white photo of a flower,an aerial view of the land in the middle of the island,a large area with a lot of green grass,0.3309363384692233,0.08333333333333333,0.35294117647058826,0.09523809523809525,0.0845798608014702,0.09349477497536718
tile_0022,a blur of a bird in a tree,an aerial view of the site of the former military base,an aerial view of a farm and fields,0.25,0.36363636363636365,0.25,0.4210526315789474,0.09349477497536716,0.3323458151044596
tile_0023,a blur of a car driving down a road,an aerial view of a farm and farm land,an aerial view of a train passing through a rural area,0.26691246763893595,0.44485411273156,0.3,0.5,0.07397129483465995,0.2696966599826407
tile_0024,an aerial view of a house in the suburbs,an aerial view of the site of the former school,an aerial view of a farm and a road,0.5555555555555556,0.4,0.5555555555555556,0.4210526315789474,0.368023208756115,0.3477492453816745
tile_0025,a satellite image of the city of new orleans,a satellite image of the city of winnipeg,an aerial view of a small town,0.2222222222222222,0.25,0.25,0.26666666666666666,0.1523141551937591,0.16279449511971256
tile_0026,a large number of squares in a square,a satellite image of the city of winnipeg,an aerial view of a small town in the middle of the country,0.20072303569462135,0.26763071425949514,0.2857142857142857,0.380952380952381,0.18441063890685053,0.3423901861134989
tile_0027,a blur of a city with a tree in the fore,an aerial view of the campus,an aerial view of a small town,0.18181818181818182,0.5643211499270759,0.2222222222222222,0.6153846153846153,0.07874460345594508,0.5031026124151314
tile_0028,a view from the top of a building,"an aerial view of the city of fort, texas",an aerial view of a small town in the middle of the country,0.26763071425949514,0.4274535922866364,0.380952380952381,0.5454545454545455,0.35027902738402644,0.5278358096183088
tile_0029,a person is standing on a roof with a cell,an aerial view of a city with a road,an aerial view of a small town,0.10000000000000002,0.5555555555555556,0.11764705882352941,0.6250000000000001,0.0,0.45026814465562653
tile_0030,a close up of a flower with a blur,aerial view of the site of the proposed site,aerial view of the fields,0.11111111111111109,0.4444444444444444,0.14285714285714285,0.5714285714285714,0.10163066979112656,0.5505522098704654
tile_0031,a blur of a tree in the background,a large field with a road and a small house,an aerial view of the site of the proposed site,0.19470019576785122,0.0,0.22222222222222224,0.0,0.26055567105626243,0.0
tile_0032,a satellite satellite satellite is seen in this image,an aerial view of the site of the former military base,an aerial view of a farm and road,0.11111111111111109,0.36363636363636365,0.11764705882352941,0.4210526315789474,0.0,0.3323458151044596
tile_0033,a blur of a person walking on a sidewalk,an aerial view of the site of the former military base,an aerial view of a farm and farm land,0.2222222222222222,0.36363636363636365,0.2222222222222222,0.39999999999999997,0.06997254341808112,0.2629876397304469
tile_0034,a green plant with a white background,an aerial view of the site of the former castle,an aerial view of a farm and fields,0.12383969996431167,0.4,0.13333333333333333,0.4444444444444445,0.0,0.3477492453816745
tile_0035,a close up of a person ' s face,a satellite image of a river and a road,"an aerial view of the flooded river in the village of stour, near the village of saintour",0.04567914338968749,0.09135828677937498,0.07999999999999999,0.15384615384615383,0.13883240183190937,0.17716815010478676
tile_0036,a green plant with a white flower in the middle,a green forest with lots of trees,aerial view of the road to the top of the mountain,0.09048374180359597,0.08067401742967989,0.09523809523809525,0.1111111111111111,0.14529338326250682,0.10457283481300547
tile_0037,a cell is shown in this image,an aerial view of a lake surrounded by trees,an aerial view of a forest with a river,0.10735389901075512,0.5555555555555556,0.125,0.5555555555555556,0.0,0.368023208756115
tile_0038,a close up of a flower with a blur effect,aerial view of the wetlands,aerial view of a green field,0.2,0.49123845184678916,0.25,0.5454545454545454,0.09349477497536716,0.43161341897075145
tile_0039,a close up of a leaf with a blur,a large body of water,an aerial view of a farm and a road,0.3333333333333333,0.17973158564688863,0.3333333333333333,0.2857142857142857,0.0845798608014702,0.10599213135093251
tile_0040,a cell with a cell attached to it,an aerial view of the site of the proposed site,oblique oblique oblique oblique oblique oblique oblique oblique oblique oblique oblique oblique oblique oblique oblique oblique oblique oblique oblique oblique oblique,0.0,0.0,0.0,0.0,0.0,0.0
tile_0041,a close up of a green and purple colored glass,aerial view of the green fields,an aerial view of the countryside,0.10000000000000002,0.6666666666666666,0.125,0.6666666666666666,0.07874460345594508,0.5031026124151314
tile_0042,a green and white flower with a black background,an aerial view of a green field,oblique oblique oblique oblique oblique oblique oblique oblique oblique oblique oblique oblique oblique oblique oblique oblique oblique oblique oblique oblique oblique,0.0,0.0,0.0,0.0,0.0,0.0
tile_0043,a large green and white mosaic tile,"a satellite image of the city of fort, texas",an aerial view of a small town in the middle of a rural area,0.05255420588163462,0.25500152032774787,0.09523809523809523,0.34782608695652173,0.0,0.27161864519299284
tile_0044,a city from above,a map of the city of edmonton,an aerial view of a small town,0.11809163818525367,0.2857142857142857,0.18181818181818182,0.2857142857142857,0.0,0.1757860783933462
tile_0045,a bird flying over a city with a lot of buildings,an aerial view of the site of the proposed new school,an aerial view of a city with a river running through it,0.41504578012830107,0.3320366241026409,0.43478260869565216,0.34782608695652173,0.2038037084651848,0.2629876397304469
tile_0046,a city from the air,a map of the city of edmonton,an aerial view of a small town in the middle of the country,0.08075860719786215,0.2424987689582571,0.2222222222222222,0.4,0.14438355527738675,0.3720557314537373
tile_0047,a map of the city of london,a satellite image of a city,an aerial view of a small town,0.2857142857142857,0.28216057496353797,0.2857142857142857,0.30769230769230765,0.1757860783933462,0.11521554337793123
tile_0048,a green leaf with a white stripe,an aerial view of the city of st louis,an aerial view of a city with lots of buildings,0.18612544500887301,0.596559544542913,0.23529411764705882,0.631578947368421,0.07357474610589511,0.5744651733947117
tile_0049,a bird is sitting on a branch in the woods,an aerial view of the site of the former fort,a small town with a lot of green grass,0.2,0.10000000000000002,0.2105263157894737,0.10526315789473685,0.0,0.1144676006896003
tile_0050,a blur of a person in a suit,an aerial view of a small town,an aerial view of the site of the proposed site,0.09735009788392564,0.37225089001774603,0.11111111111111112,0.47058823529411764,0.12735952979479354,0.35623391380599695
tile_0051,a pink and white wall with a white ceiling,an aerial view of the site of the proposed site,aerial view of a farm in the countryside,0.11111111111111109,0.4,0.11764705882352941,0.4444444444444445,0.0,0.40739778621409733
tile_0052,a small dog is standing in the grass,an aerial view of the farm land,an aerial view of a farm in the middle of the country,0.22744899739223753,0.4196071367631027,0.3,0.631578947368421,0.17496747892731795,0.6690736755325349
tile_0053,a close up of a purple and white diamond,aerial view of the green fields,an aerial view of the site of the proposed site,0.09942659075715217,0.3422780793550613,0.10526315789473685,0.5,0.10599213135093251,0.4552018457650675
tile_0054,a cell with a cell membrane in the middle,an aerial view of a lake surrounded by trees,an aerial view of a lake surrounded by trees,0.11111111111111109,1.0,0.1111111111111111,1.0,0.0,1.0000000000000002
tile_0055,a close up of a black and white flower,aerial view of the wetlands,a large lake surrounded by trees and land,0.2222222222222222,0.0,0.23529411764705882,0.0,0.07780894359285004,0.0
tile_0056,a green leaf with a white background,an aerial view of the golf course at the golf course,aerial view of the golf course at the golf course,0.0,0.9090909090909091,0.0,0.9523809523809523,0.0,0.9434557355986907
tile_0057,a green leaf with a white spot,a large body of water,an aerial view of a lake surrounded by trees,0.10735389901075512,0.17973158564688863,0.125,0.2857142857142857,0.0,0.09867961797986957
tile_0058,a black and white cat is looking at the camera,a satellite image of a green field,an aerial view of a green field,0.10000000000000002,0.5714285714285714,0.11764705882352941,0.5714285714285714,0.0,0.38087260847594373
tile_0059,a cell with a cell in the middle,an aerial view of a green field,oblique oblique oblique oblique oblique oblique oblique oblique oblique oblique oblique oblique oblique oblique oblique oblique oblique oblique oblique oblique oblique,0.0,0.0,0.0,0.0,0.0,0.0
tile_0060,a large white cloud in the sky,a satellite image of the amazon river,an aerial view of a green field with a small lake,0.08067401742967989,0.16134803485935978,0.1111111111111111,0.2222222222222222,0.0,0.07397129483465995
tile_0061,a blur of a cityscape,an aerial view of the village,an aerial view of a small town,0.26812801841425576,0.5643211499270759,0.3333333333333333,0.6153846153846153,0.1362763414390864,0.5031026124151314
tile_0062,a satellite image of the city of san,a satellite image of the city of new orleans,an aerial view of a small town,0.25,0.2222222222222222,0.26666666666666666,0.25,0.16279449511971256,0.1523141551937591
tile_0063,a view of the city from a high angle,a map of the city of ottawa,an aerial view of a city with many buildings,0.4444444444444444,0.32206169703226534,0.4444444444444444,0.375,0.2532094495161745,0.24385664472470867
tile_0064,a large group of white and red squares,a map of the city of edmonton,an aerial view of a small town,0.25,0.2857142857142857,0.26666666666666666,0.2857142857142857,0.0845798608014702,0.1757860783933462
tile_0065,a map of the city of london,a map of the city of new york,an aerial view of a small town,0.2857142857142857,0.25,0.2857142857142857,0.26666666666666666,0.1757860783933462,0.16279449511971256
tile_0066,a satellite image of the city of london,"an aerial view of the city of st louis, minnesota",an aerial view of a small town,0.25,0.4,0.26666666666666666,0.47058823529411764,0.16279449511971256,0.4316433290730968
tile_0067,a view of the city from the air,an aerial view of the site of the proposed development,aerial view of a village in the mountains,0.5,0.4,0.5,0.4444444444444445,0.3508107841126614,0.4501130018161746
tile_0068,an aerial view of a house in the middle of a neighborhood,a large white building,an aerial view of a large building in the middle of a river,0.7667036788577695,0.07904941842139825,0.8,0.3529411764705882,0.670886800175419,0.20592388986602378
tile_0069,a green and yellow area with a small patch of grass,a large field with a small lake in the middle,an aerial view of a farm in the middle of a rural area,0.30318287930006566,0.37040911034085894,0.33333333333333337,0.4347826086956522,0.1653324433614895,0.1752658173383824
tile_0070,a satellite image of the site of the proposed building,an aerial view of the site of the proposed site,an aerial view of a village in the outskirts of the outskirts of the city of kash,0.24829265189570476,0.34760971265398666,0.37037037037037035,0.5185185185185185,0.4843878041924564,0.5621706578541776
tile_0071,a small plane flying over a small town,an aerial view of a farm and a road,an aerial view of a farm and fields,0.12500000000000003,0.7777777777777778,0.125,0.823529411764706,0.0,0.7523197619890014
tile_0072,a blur of a green field,an aerial view of the wetlands and wetlands,an aerial view of the site of the proposed site,0.08556951983876535,0.48675048941962806,0.125,0.5555555555555556,0.14438355527738672,0.39720507693177903
tile_0073,a blur of a person walking on a path,an aerial view of a road and a forest,an aerial view of the site of the proposed site,0.09942659075715217,0.39770636302860873,0.10526315789473685,0.4210526315789474,0.11521554337793123,0.31882319724566466
tile_0074,a white face with a black nose,an aerial view of the golf course,an aerial view of a farm and a road,0.21470779802151024,0.4294155960430205,0.25,0.5,0.0,0.40298220897396103
tile_0075,a green leaf with a white background,an aerial view of the site of the former military base,an aerial view of a farm with a pond,0.32206169703226534,0.36363636363636365,0.375,0.39999999999999997,0.09349477497536716,0.3323458151044596
tile_0076,a black and white bird flying over a forest,an aerial view of the golf course at the golf club,oblique oblique oblique oblique oblique oblique oblique oblique oblique oblique oblique oblique oblique oblique oblique oblique oblique oblique oblique oblique oblique,0.0,0.0,0.0,0.0,0.0,0.0
tile_0077,a close up of a flower with a blur effect,an aerial view of a green field with a road,"aerial view of the road leading to the village of stow, near the village of stow, near",0.04965853037914096,0.19863412151656382,0.07407407407407408,0.29629629629629634,0.10771254917438858,0.22949547986002086
tile_0078,a blur of a tree,an aerial view of the site of the former military base,an aerial view of a farm and a small town,0.2207276647028654,0.36363636363636365,0.4,0.380952380952381,0.11671773546032795,0.30351457351635325
tile_0079,a black and white photo of a city,a satellite image of the city of san,an aerial view of a small town,0.25,0.25,0.26666666666666666,0.26666666666666666,0.09193998174078082,0.16279449511971256
tile_0080,a black and white photo of a small area,a satellite image of the city of winnipeg,"aerial view of the city of kiso, kenya",0.11111111111111109,0.5,0.11764705882352941,0.5,0.14012086798868084,0.46598909712311054
tile_0081,a black and white photo of a city,a city with lots of buildings and trees,an aerial view of a city with many buildings,0.3309363384692233,0.5515605641153721,0.35294117647058826,0.5882352941176471,0.17077611319011654,0.368023208756115
tile_0082,a black and white image of a city,a map of the city of edmonton,an aerial view of a small town,0.25,0.2857142857142857,0.26666666666666666,0.2857142857142857,0.09193998174078082,0.1757860783933462
tile_0083,a large tree with a lot of green leaves,a satellite image of the city of new london,an aerial view of a small town in the middle of a forest,0.2137267961433182,0.28496906152442425,0.27272727272727276,0.3636363636363637,0.11954622394547189,0.2842221139234553
tile_0084,a large white house surrounded by trees,an aerial view of the campus,an aerial view of a small town,0.14285714285714285,0.5643211499270759,0.14285714285714285,0.6153846153846153,0.0,0.5031026124151314
tile_0085,a satellite image of the site of the proposed site,an aerial view of the site of the proposed development,an aerial view of a rural area with a road and fields,0.1637461506155964,0.3274923012311928,0.1818181818181818,0.3636363636363636,0.09099068136214802,0.27517648516869636
tile_0086,a green and white cat is standing in the grass,an aerial view of the site of the proposed site,an aerial view of the site of the former house,0.10000000000000002,0.8,0.10000000000000002,0.8000000000000002,0.10011031656225385,0.7900322566465156
tile_0087,an aerial view of a neighborhood,an aerial view of the site of the former building,an aerial view of a small town,0.7054014374088451,0.4,0.7692307692307692,0.47058823529411764,0.5803329846765686,0.388554144665772
tile_0088,an aerial view of a road and a forest,an aerial view of the site of the proposed new hospital,an aerial view of a city with a road,0.7777777777777778,0.36363636363636365,0.7777777777777778,0.39999999999999997,0.5586177528223196,0.3323458151044596
tile_0089,a satellite image of the area where the plane crashed,an aerial view of the site of the former military base,an aerial view of a farm and a field,0.2,0.36363636363636365,0.2105263157894737,0.39999999999999997,0.06123094334544521,0.3323458151044596
tile_0090,a blur of a tree,an aerial view of the river and surrounding farmland,an aerial view of the village and surrounding fields,0.08986579282344431,0.7777777777777778,0.14285714285714285,0.7777777777777778,0.10964258683453854,0.6392306240536285
tile_0091,a green and white flower with a black background,a satellite image of a river running through a green field,aerial view of the fields,0.0,0.0909090909090909,0.0,0.12500000000000003,0.0,0.08704446792504217
tile_0092,a green leaf with a white background,an aerial view of the golf course at the golf club,an aerial view of the golf course at the golf course,0.0,0.9090909090909091,0.0,0.9090909090909091,0.0,0.9102105182313398
tile_0093,a black and white image of a dog,an aerial view of the site of the site of the first battle,oblique oblique oblique oblique oblique oblique oblique oblique oblique oblique oblique oblique oblique oblique oblique oblique oblique oblique oblique oblique oblique,0.0,0.0,0.0,0.0,0.0,0.0
tile_0094,a white bird is flying through the air,the aerial view of the golf course,an aerial view of the site of the proposed site,0.09735009788392564,0.46531361252218256,0.11111111111111112,0.588235294117647,0.10599213135093251,0.5171591665061943
tile_0095,a black cat is standing on a rock,a satellite image of the site of the ancient site,an aerial view of the site of the proposed site,0.0,0.6,0.0,0.6,0.0,0.6353288195669101
tile_0096,a blur of a tree,an aerial view of the farm and surrounding area,an aerial view of a farm in the countryside,0.17973158564688863,0.6666666666666666,0.2857142857142857,0.6666666666666666,0.11671773546032795,0.5507796339456278
tile_0097,a man in a suit and tie is standing in front of a building,an aerial view of the site of the former school,an aerial view of a small town,0.14285714285714285,0.4,0.19047619047619047,0.47058823529411764,0.061005457719230355,0.388554144665772
tile_0098,a large area with lots of trees and bushes,a map of the city of edmonton,"an aerial view of the city of kamba, democratic democratic democratic democratic democratic democratic democratic democratic democratic democratic democratic",0.036576998645322836,0.10290989265597277,0.07142857142857142,0.3076923076923077,0.03253431204416929,0.11960149607282562
tile_0099,a bird is perched on a branch in the middle of a forest,a satellite image of the city of st louis,"an aerial view of a small town in the outskirts of the city of kash, pakistan",0.24428389471321574,0.25523656890884816,0.27586206896551724,0.39999999999999997,0.25946602454547557,0.42820441887821076
tile_0100,a large crowd of people in a large city,a satellite image of the city of new orleans,an aerial view of a small town,0.2222222222222222,0.2222222222222222,0.25,0.25,0.07397129483465995,0.1523141551937591
tile_0101,a satellite image of the house in the middle of the neighborhood,an aerial view of the site of the proposed school,an aerial view of a construction site in the middle of a forest,0.46002220731466165,0.5185727544772025,0.48000000000000004,0.608695652173913,0.4331452282864361,0.6090461303795287
tile_0102,a large white building with a green roof,a satellite image of the site of the former fort fort,an aerial view of a residential area in the suburb of sydney,0.07581633246407919,0.3320366241026409,0.1,0.34782608695652173,0.0,0.2696367724157924
tile_0103,a black cat is standing in the grass,an aerial view of the site of the former school,an aerial view of the site of the proposed development,0.09735009788392564,0.8,0.11111111111111112,0.8000000000000002,0.1144676006896003,0.7523197619890014
tile_0104,a bird is perched on a wire,a satellite image of a house in the middle of a green field,oblique oblique oblique oblique oblique oblique oblique oblique oblique oblique oblique oblique oblique oblique oblique oblique oblique oblique oblique oblique oblique,0.0,0.0,0.0,0.0,0.0,0.0
tile_0105,an aerial view of the site of the former military base,a small lake in a field,an aerial view of a large area with a river,0.36363636363636365,0.17113903967753066,0.380952380952381,0.25,0.30351457351635325,0.0
tile_0106,a green plant with white flowers in the middle,a large body of water,an aerial view of a farm and a river,0.11111111111111109,0.17973158564688863,0.1111111111111111,0.2857142857142857,0.0,0.10599213135093251
tile_0107,a satellite satellite image of the space shuttle,an aerial view of a road and a lake,an aerial view of a road and fields,0.25,0.7777777777777778,0.25,0.823529411764706,0.06804963087832473,0.7523197619890014
tile_0108,a close up of a green leaf,a golf course in the middle of a green field,an aerial view of a green field with trees,0.32206169703226534,0.4,0.375,0.4210526315789474,0.1908740661302035,0.23297965480487529
tile_0109,a green and purple flower with a black background,a satellite image of a lake in the middle of a green field,an aerial view of the site of the proposed site,0.0,0.23076923076923078,0.0,0.2608695652173913,0.0,0.2834289552492495
tile_0110,a white cat is sitting in the grass,a satellite image of the amazon river,aerial view of a mountain with a road and trees,0.09735009788392564,0.18612544500887301,0.11111111111111112,0.23529411764705882,0.0,0.07874460345594508
tile_0111,a white and black object with a green background,a satellite image of a forest,a large area with a lot of dirt and trees,0.39770636302860873,0.256708559516296,0.4210526315789474,0.37499999999999994,0.15592892548708362,0.09867961797986957
tile_0112,a green plant with a white flower in the middle,an aerial view of a green field with a lake,an aerial view of a large field with a lake,0.3,0.9,0.3,0.9,0.06744304769296747,0.7799154245579976
tile_0113,a white cat with a black nose and a white nose,a satellite image of the amazon river,an aerial view of the site of the proposed site,0.0,0.18612544500887301,0.0,0.23529411764705882,0.0,0.26055567105626243
tile_0114,a man in a suit and tie standing in front of a tree,an aerial view of the site of the proposed site,an aerial view of a farm in the middle of the country,0.23076923076923078,0.5731115271545874,0.24000000000000002,0.6363636363636365,0.18528870087082658,0.5537528826695526
tile_0115,a green and white background with a white and black pattern,"an aerial view of the city of fort, texas",an aerial view of a small town,0.0909090909090909,0.4444444444444444,0.1111111111111111,0.5,0.0,0.45936277407082354
tile_0116,a black and white photo of a man with a beard,a map of the city of new york,an aerial view of a small town in the democratic democratic democratic democratic democratic democratic democratic democratic democratic democratic democratic democratic,0.07325278573256963,0.07384187820157277,0.125,0.20689655172413796,0.015011816931679432,0.04835902489489647
tile_0117,a large white building with a green roof,a satellite image of the city of new orleans,an aerial view of a small town,0.12500000000000003,0.2222222222222222,0.13333333333333333,0.25,0.0,0.1523141551937591
tile_0118,a baseball field with a baseball field in the middle,an aerial view of the castle,an aerial view of a small town in the middle of a green valley,0.33516002301781966,0.2196642817631056,0.41666666666666663,0.5,0.1323485706365677,0.5098785552331822
tile_0119,a blur of a tree,a satellite image of the site of the proposed site,a large area with a lot of land and trees,0.2207276647028654,0.2,0.4,0.20000000000000004,0.11671773546032795,0.10239766588500389
tile_0120,a green and white photo of a house,an aerial view of the site of the former military base,an aerial view of a small town in the middle of a mountain,0.20072303569462135,0.4547743189500984,0.2857142857142857,0.4999999999999999,0.12994911013775193,0.4896132269953417
tile_0121,a camouflage cam cam cam cam cam cam cam cam cam cam cam cam cam cam cam cam cam cam cam,an aerial view of the site of the proposed site,an aerial view of the village and surrounding fields,0.0,0.5,0.0,0.5263157894736842,0.0,0.4265307066293535
tile_0122,a small bird is sitting on a tree branch,a satellite image of a field with a small patch of land,oblique oblique oblique oblique oblique oblique oblique oblique oblique oblique oblique oblique oblique oblique oblique oblique oblique oblique oblique oblique oblique,0.0,0.0,0.0,0.0,0.0,0.0
tile_0123,a green emerald gems,an aerial view of the golf course at the golf course,an aerial view of a lake and a forest,0.07162619921504752,0.36363636363636365,0.15384615384615383,0.39999999999999997,0.0,0.23304831764702297
tile_0124,a close up of a green leaf,an aerial view of the site of the former fort,an aerial view of a farm and a river,0.32206169703226534,0.4,0.375,0.4210526315789474,0.09349477497536716,0.3477492453816745
tile_0125,a white and black cat is sitting on a green tree,an aerial view of the site of the fort,an aerial view of a farm and a lake,0.2727272727272727,0.4444444444444444,0.3,0.4444444444444444,0.06804963087832473,0.365514247469986
tile_0126,a black and white photo of a man in a suit,an aerial view of a golf course,oblique oblique oblique oblique oblique oblique oblique oblique oblique oblique oblique oblique oblique oblique oblique oblique oblique oblique oblique oblique oblique,0.0,0.0,0.0,0.0,0.0,0.0
tile_0127,a black and white cat is looking up at the camera,a green field with a small lake in the middle,an aerial view of the site of the proposed site,0.0909090909090909,0.10000000000000002,0.09523809523809525,0.10000000000000002,0.08768681980142447,0.0986796179798696
tile_0128,a blur of a car driving down a road,a view of a river and a forest,a large lake surrounded by trees and a forest,0.2222222222222222,0.4412484512922977,0.2222222222222222,0.47058823529411764,0.0,0.20613696606828605
tile_0129,a black cat is sitting on a white surface,a large body of water,an aerial view of the site of the proposed gold coast dam,0.0,0.0493193927883213,0.0,0.11764705882352941,0.0,0.14438355527738675
tile_0130,a green and white substance,an aerial view of the river and surrounding farmland,oblique oblique oblique oblique oblique oblique oblique oblique oblique oblique oblique oblique oblique oblique oblique oblique oblique oblique oblique oblique oblique,0.0,0.0,0.0,0.0,0.0,0.0
tile_0131,a blur of a tree in the sky,a satellite image of a river running through a green landscape,an aerial view of a green field with a small river,0.2577334795466146,0.45454545454545453,0.3157894736842105,0.45454545454545453,0.07397129483465995,0.21693381701139697
tile_0132,a close up of a green leaf,an aerial view of the site of the battle of the sommes,oblique oblique oblique oblique oblique oblique oblique oblique oblique oblique oblique oblique oblique oblique oblique oblique oblique oblique oblique oblique oblique,0.0,0.0,0.0,0.0,0.0,0.0
tile_0133,a green leaf with a white background,an aerial view of the village and surrounding area,an aerial view of a farm in the countryside,0.10735389901075512,0.5555555555555556,0.125,0.5555555555555556,0.0,0.42113589132819584
tile_0134,a satellite image of the site of the proposed new school,an aerial view of the site of the former school,an aerial view of a small town,0.18181818181818182,0.4,0.2222222222222222,0.47058823529411764,0.12442854619985262,0.388554144665772
tile_0135,a green leaf with a white stripe,an aerial view of the site of the proposed site,an aerial view of a farm and fields,0.12383969996431167,0.4,0.13333333333333333,0.4444444444444445,0.0,0.31882319724566466
tile_0136,a green and white background with a small white flower,an aerial view of the golf course at the golf course,an aerial view of a farm and a lake,0.3,0.36363636363636365,0.3157894736842105,0.39999999999999997,0.06437099366532754,0.23304831764702297
tile_0137,a green leaf with a white background,a satellite image of a golf course,an aerial view of a small village in the mountains,0.09306272250443651,0.18612544500887301,0.11764705882352941,0.23529411764705882,0.0,0.08176804146599938
tile_0138,a blur of green leaves,a satellite image of a lake surrounded by trees,oblique oblique oblique oblique oblique oblique oblique oblique oblique oblique oblique oblique oblique oblique oblique oblique oblique oblique oblique oblique oblique,0.0,0.0,0.0,0.0,0.0,0.0
tile_0139,a green emerald gems,an aerial view of the site of the proposed site,oblique oblique oblique oblique oblique oblique oblique oblique oblique oblique oblique oblique oblique oblique oblique oblique oblique oblique oblique oblique oblique,0.0,0.0,0.0,0.0,0.0,0.0
tile_0140,a green leaf with white spots,an aerial view of the green fields and trees,oblique oblique oblique oblique oblique oblique oblique oblique oblique oblique oblique oblique oblique oblique oblique oblique oblique oblique oblique oblique oblique,0.0,0.0,0.0,0.0,0.0,0.0
tile_0141,a close up of a green leaf,an aerial view of the area where the proposed site is located,an aerial view of a green field with a small lake,0.32269606971871956,0.3333333333333333,0.4444444444444444,0.34782608695652173,0.1785662155575748,0.2203207132909401
tile_0142,a green leaf with white spots,an aerial view of the site of the proposed site,an aerial view of a farm and a lake,0.10108844328543891,0.4,0.13333333333333333,0.4210526315789474,0.0,0.31882319724566466
tile_0143,a green leaf with a white background,a satellite image of a golf course,an aerial view of a lake and a road,0.21470779802151024,0.32206169703226534,0.25,0.375,0.0,0.09349477497536716
tile_0144,a cat is looking up at the sky,a green field,an aerial view of the lake and surrounding land,0.11031211282307446,0.0,0.11764705882352941,0.0,0.06804963087832473,0.0
tile_0145,a cat is sitting on a chair and looking up,a green area,an aerial view of the lake and surrounding area,0.10000000000000002,0.045111761078870896,0.10526315789473685,0.16666666666666666,0.06335481222196541,0.1414305679255449
tile_0146,a black bear,a green piece of grass,an aerial view of the lake and its surrounding islands,0.0,0.07357588823428847,0.0,0.13333333333333333,0.0,0.08768681980142447
tile_0147,a black pen with a white background,a green field,a gold and diamond ring,0.14285714285714285,0.17113903967753066,0.16666666666666666,0.25,0.0,0.0
tile_0148,a black and white cat sitting on top of a green chair,a large field with a road and a road,an aerial view of the site of the proposed highway,0.08333333333333333,0.0,0.0909090909090909,0.0,0.0946985379654042,0.0
tile_0149,a close up of a leaf with a blur,an aerial view of the site of the proposed site,an aerial view of a farm in the countryside,0.2222222222222222,0.5,0.2222222222222222,0.5263157894736842,0.07874460345594508,0.46348639791287216
tile_0150,a green tree with a white background,an aerial view of a green field,an aerial view of the village and surrounding fields,0.0,0.4294155960430205,0.0,0.5,0.0,0.3808165329771115
tile_0151,a close up of a green leaf,an aerial view of a green field with a small house,an aerial view of a farm in the countryside,0.21470779802151024,0.45454545454545453,0.25,0.5,0.08704446792504217,0.31125746752705385
tile_0152,a green leaf with a white background,an aerial view of the site of the former fort,an aerial view of a farm and a small town,0.18612544500887301,0.4,0.23529411764705882,0.4000000000000001,0.0,0.31758174499497815
tile_0153,a blur of a leaf,an aerial view of the golf course at the golf course,an aerial view of a farm and fields,0.21952465443761057,0.36363636363636365,0.3076923076923077,0.4210526315789474,0.12536693798731732,0.23304831764702297
tile_0154,a green leaf with white flowers,an aerial view of a green field with a small house,an aerial view of a farm and fields,0.11942188509563156,0.45454545454545453,0.14285714285714288,0.5263157894736842,0.0,0.3408242166238353
tile_0155,a green leaf with white flowers,a satellite image of a golf course,an aerial view of a golf course,0.141080287481769,0.5714285714285714,0.15384615384615383,0.5714285714285714,0.0,0.38087260847594373
tile_0156,a close up of a green leaf,an aerial view of a green field with a river running through it,an aerial view of a farm and fields,0.24767939992862334,0.38461538461538464,0.26666666666666666,0.4761904761904762,0.09349477497536716,0.30069751492635505
tile_0157,a green leaf with a white stripe,an aerial view of a lake and a road,an aerial view of a farm and pond,0.12383969996431167,0.6666666666666666,0.13333333333333333,0.7058823529411765,0.0,0.5586177528223195
tile_0158,a close up of a green leaf,aerial view of the golf course at the golf club,an aerial view of a green field with trees,0.32206169703226534,0.3,0.375,0.3157894736842105,0.1908740661302035,0.16812000266237898
tile_0159,a blur of a tree in the forest,a satellite image of a golf course,an aerial view of a large hill with a large rock in the middle,0.2952290954631342,0.15766261764490386,0.45454545454545453,0.2857142857142857,0.20192619442719448,0.06489111218323008
tile_0160,a small insect on a leaf,an aerial view of a golf course,aerial view of a river and a road in the countryside,0.14486606950235942,0.32269606971871956,0.23529411764705885,0.4444444444444444,0.0,0.2605556710562624
tile_0161,a black and white dog is walking on a leash,an aerial view of the golf course at the golf course,an aerial view of a lake and a road,0.3,0.36363636363636365,0.3157894736842105,0.39999999999999997,0.07244081925041986,0.23304831764702297
tile_0162,"a large, bright, yellow, and black object in the sky",a blury background with a blury pattern,a woman in a white dress and a white hat,0.3,0.18612544500887301,0.3,0.23529411764705882,0.12636373966504363,0.0
tile_0163,a large amount of dust in the sky,a blurry background,a small bird perched on a tree branch,0.12500000000000003,0.06295853427918728,0.125,0.18181818181818182,0.0,0.0
tile_0164,a black and white image of a person,a blurry background,a white and blue ring with a diamond,0.5,0.06295853427918728,0.5,0.18181818181818182,0.20199309249791841,0.0
tile_0165,a large amount of colored con con con con con con con con con con con con con con con con con con con con con con con,a bird is sitting on a branch,a white and black watch with a black strap,0.03571428571428572,0.21470779802151024,0.05405405405405406,0.25,0.0,0.0
tile_0166,a woman with a green dress and a white shirt,a large green field,an aerial view of the lake and the dam,0.10000000000000002,0.0,0.10526315789473685,0.0,0.06123094334544522,0.0
tile_0167,a blur of a tree in the night,an aerial view of a green field with a lake,an aerial view of a farm and a small village,0.2920502936517768,0.6,0.33333333333333326,0.6,0.07874460345594508,0.33609692727625756
tile_0168,a green emerald gems,an aerial view of the site of the former fort,an aerial view of a farm in the countryside,0.07162619921504752,0.5,0.15384615384615383,0.5263157894736842,0.0,0.5147429270236511
tile_0169,a green leaf with a white background,an aerial view of the site of the proposed site,an aerial view of a farm and fields,0.12383969996431167,0.4,0.13333333333333333,0.4444444444444445,0.0,0.31882319724566466
tile_0170,a close up of a green leaf,an aerial view of a green field,an aerial view of a farm in the middle of the country,0.13986904558770089,0.34967261396925226,0.2105263157894737,0.5263157894736842,0.13215817862062323,0.3713432757544298
tile_0171,a blur of a flower in a green field,an aerial view of a field with a road,aerial view of the site of the proposed new farm,0.09942659075715217,0.2982797722714565,0.10526315789473685,0.3157894736842105,0.12442854619985262,0.25945709992413096
tile_0172,a close up of a green and white flower,a green field with a small patch of grass,oblique oblique oblique oblique oblique oblique oblique oblique oblique oblique oblique oblique oblique oblique oblique oblique oblique oblique oblique oblique oblique,0.0,0.0,0.0,0.0,0.0,0.0
tile_0173,a green leaf with white spots,an aerial view of the golf course,aerial view of the farm,0.0,0.5714285714285714,0.0,0.6666666666666666,0.0,0.5193879933129156
tile_0174,a green leaf with a blur effect,an aerial view of the golf course at the golf course,aerial view of the fields and fields in the countryside,0.0,0.45454545454545453,0.0,0.47619047619047616,0.0,0.29654624903577076
tile_0175,a green leaf with a blur effect,an aerial view of a golf course,an aerial view of a farm and a river,0.21470779802151024,0.5367694950537757,0.25,0.6250000000000001,0.0,0.45026814465562653
tile_0176,a close up of a green leaf,an aerial view of the golf course at the golf course,an aerial view of a farm and lake,0.24767939992862334,0.36363636363636365,0.26666666666666666,0.4210526315789474,0.09349477497536716,0.23304831764702297
tile_0177,a green leaf with a white spot,an aerial view of a golf course,an aerial view of a golf course,0.14285714285714285,1.0,0.14285714285714285,1.0,0.0,1.0000000000000002
tile_0178,a green background with white and black spots,a satellite image of a green field,an aerial view of a farm and fields,0.25,0.24767939992862334,0.25,0.26666666666666666,0.07780894359285004,0.09349477497536716
tile_0179,a black and white cat is sitting in the grass,a satellite image of a lake surrounded by trees,oblique oblique oblique oblique oblique oblique oblique oblique oblique oblique oblique oblique oblique oblique oblique oblique oblique oblique oblique oblique oblique,0.0,0.0,0.0,0.0,0.0,0.0
tile_0180,a green leaf with a white flower on it,a green field,an aerial view of the lake and surrounding area,0.0,0.0,0.0,0.0,0.0,0.0
tile_0181,a black cat is standing on a white surface,a green piece of moss,a small island in the middle of a lake,0.2222222222222222,0.17973158564688863,0.2222222222222222,0.2857142857142857,0.0,0.10599213135093251
tile_0182,a black cat sitting on a white surface,a green leaf,a small island in the middle of a lake,0.22062422564614886,0.045111761078870896,0.23529411764705882,0.16666666666666666,0.0,0.0
tile_0183,a very large cluster of stars,a blurry background,a white and black leather belt with a gold buckle,0.08556951983876535,0.03232398928813501,0.125,0.15384615384615383,0.0,0.0
tile_0184,a black and white dog,a green tree,a large body of water with a small island in the middle,0.0493193927883213,0.016595689455954646,0.11764705882352941,0.13333333333333333,0.0,0.0
tile_0185,a green leaf with a white background,a satellite image of a green forest,a large hill with a forest in the background,0.4294155960430205,0.32206169703226534,0.5,0.375,0.20613696606828605,0.09349477497536716
tile_0186,a green and white diamond,an aerial view of the countryside,an aerial view of a farm and fields,0.21952465443761057,0.47768754038252614,0.3076923076923077,0.5714285714285715,0.1059921313509325,0.45026814465562653
tile_0187,a white and black cat,a satellite image of a golf course,an aerial view of a farm in the countryside,0.08986579282344431,0.21470779802151024,0.14285714285714285,0.25,0.0,0.08704446792504217
tile_0188,a green leaf with a white line on it,a satellite image of a field with a road,an aerial view of a farm and a river,0.2222222222222222,0.3333333333333333,0.2222222222222222,0.3333333333333333,0.0,0.0845798608014702
tile_0189,a black and white cat is sitting on a tree,an aerial view of the golf course at the golf course,an aerial view of a large green field,0.10000000000000002,0.36363636363636365,0.11111111111111112,0.4210526315789474,0.0,0.23304831764702297
tile_0190,a bird is flying through the trees,a satellite image of a golf course,oblique oblique oblique oblique oblique oblique oblique oblique oblique oblique oblique oblique oblique oblique oblique oblique oblique oblique oblique oblique oblique,0.0,0.0,0.0,0.0,0.0,0.0
tile_0191,a green leaf with a white stripe,an aerial view of a green field with a road,aerial view of the farm fields,0.0,0.3,0.0,0.37499999999999994,0.0,0.2798280652432878
tile_0192,a green leaf with a white spot,an aerial view of a golf course,an aerial view of a farm and fields,0.12383969996431167,0.6191984998215584,0.13333333333333333,0.6666666666666666,0.0,0.45026814465562653
tile_0193,a blur of a person in a green shirt,an aerial view of a farm and field,an aerial view of a farm and a lake,0.3333333333333333,0.772184789761521,0.3333333333333333,0.823529411764706,0.0845798608014702,0.7523197619890014
tile_0194,a green leaf with white spots,an aerial view of the site of the proposed site,an aerial view of a farm and fields,0.11942188509563156,0.4,0.14285714285714288,0.4444444444444445,0.0,0.31882319724566466
tile_0195,a green background with a blur effect,a satellite image of the golf course at the augusta course,an aerial view of a farm and fields,0.12383969996431167,0.18181818181818182,0.13333333333333333,0.2105263157894737,0.0,0.05400418246765694
tile_0196,a green background with a small white dot,a satellite image of a green field,an aerial view of a green field with a road,0.38940039153570244,0.46531361252218256,0.4444444444444445,0.588235294117647,0.17077611319011654,0.317107466580271
tile_0197,a close up of a green leaf,a satellite image of a golf course,oblique oblique oblique oblique oblique oblique oblique oblique oblique oblique oblique oblique oblique oblique oblique oblique oblique oblique oblique oblique oblique,0.0,0.0,0.0,0.0,0.0,0.0
tile_0198,a black and white dog,a green leaf,an aerial view of the island and surrounding islands,0.08986579282344431,0.0,0.14285714285714285,0.0,0.09269789668627057,0.0
tile_0199,a black and white photo of a man in a suit,a green tree,a large body of water surrounded by trees,0.18181818181818182,0.06295853427918728,0.2105263157894737,0.18181818181818182,0.07244081925041986,0.0
tile_0200,a man in a green shirt and black pants,a large field,an aerial view of the river and the surrounding area,0.09942659075715217,0.0,0.10526315789473685,0.0,0.05850970413367294,0.0
tile_0201,a black cat is sitting on a white surface,a green leaf,a green island with a white sand beach,0.3333333333333333,0.12591706855837456,0.35294117647058826,0.36363636363636365,0.0845798608014702,0.1757860783933462
tile_0202,a green toy car with a pink top,a satellite image of a green field,oblique oblique oblique oblique oblique oblique oblique oblique oblique oblique oblique oblique oblique oblique oblique oblique oblique oblique oblique oblique oblique,0.0,0.0,0.0,0.0,0.0,0.0
tile_0203,a green leaf with a white background,a satellite image of the site of the proposed site,aerial view of the road leading to the village of the village of the village of the village of the village,0.0,0.13314843347923183,0.0,0.25806451612903225,0.0,0.42939984635129325
tile_0204,a green leaf with a white background,a satellite image of the golf course at the golf course,a large green forest with a river running through it,0.37225089001774603,0.0909090909090909,0.47058823529411764,0.09523809523809525,0.19087406613020352,0.0
tile_0205,a bird is sitting on a branch,a satellite image of a green field with a road,an aerial view of a farm in the countryside,0.10735389901075512,0.2,0.125,0.2105263157894737,0.0,0.07244081925041986
tile_0206,a green gems with a white center,an aerial view of the site of the site of the first battle,an aerial view of a farm and fields,0.12383969996431167,0.30769230769230765,0.13333333333333333,0.380952380952381,0.0,0.29516242982117186
tile_0207,a blur of green leaves,an aerial view of a farm and a field,a large white building,0.2,0.11111111111111109,0.22222222222222224,0.15384615384615383,0.0,0.0
tile_0208,a blur of a tree in the forest,an aerial view of the golf course at the golf course,aerial view of the fields,0.25,0.36363636363636365,0.3076923076923077,0.5000000000000001,0.22576484600261612,0.39545777816886574
tile_0209,a small bird perched on a branch of a tree,a satellite image of the golf course at the golf course,an aerial view of a farm and fields,0.2,0.18181818181818182,0.22222222222222224,0.2105263157894737,0.07780894359285004,0.050401258967805646
tile_0210,a green leaf with a white background,an aerial view of the golf course at the golf course,an aerial view of a green field with a road,0.37225089001774603,0.36363636363636365,0.47058823529411764,0.380952380952381,0.19087406613020352,0.21283120630571967
tile_0211,a white cat is sitting on a green chair,an aerial view of a large field with a lake,an aerial view of a farm and fields,0.11111111111111109,0.5,0.11764705882352941,0.5555555555555556,0.0,0.368023208756115
tile_0212,a green leaf with a white background,an aerial view of the golf course,an aerial view of a green field with a small house,0.32269606971871956,0.32269606971871956,0.4444444444444444,0.4444444444444444,0.17856621555757482,0.3408242166238353
tile_0213,a white bird sitting on top of a tree,an aerial view of a large green field,a large green field,0.11111111111111109,0.5,0.15384615384615383,0.6666666666666666,0.0,0.5245910904457138
tile_0214,a green leaf with white spots,a green area with a river and trees,aerial view of a forest,0.16666666666666669,0.12500000000000003,0.1818181818181818,0.15384615384615385,0.0,0.0
tile_0215,a close up of a green leaf,a satellite image of a golf course,an aerial view of a green field with a river in the background,0.2424987689582571,0.18187407671869282,0.4,0.3,0.15973937686327605,0.07357474610589511
tile_0216,a black and white dog with a green background,a green area with a small patch of land,an aerial view of the island,0.0,0.11111111111111109,0.0,0.13333333333333333,0.0,0.0845798608014702
tile_0217,a bunch of pink flowers on a white background,an aerial view of a green area with trees,a river in the middle of a forest,0.3333333333333333,0.2222222222222222,0.35294117647058826,0.23529411764705882,0.0845798608014702,0.0787446034559451
tile_0218,a black and white cat sitting on a tree branch,a small island in the middle of a body of water,an aerial view of the island,0.0,0.2727272727272727,0.0,0.3529411764705882,0.0,0.3360098827811412
tile_0219,a black dog with a pink collar,a green leaf,oblique oblique oblique oblique oblique oblique oblique oblique oblique oblique oblique oblique oblique oblique oblique oblique oblique oblique oblique oblique oblique,0.0,0.0,0.0,0.0,0.0,0.0
tile_0220,a white cloud with a red and green background,a green field with a white sky in the background,an aerial view of a green field with a lake,0.39770636302860873,0.5,0.4210526315789474,0.5,0.15592892548708362,0.23297965480487529
tile_0221,a blur of a tree in the forest,a satellite image of a lake surrounded by trees,an aerial view of a green field with a small lake,0.2577334795466146,0.35588329018524795,0.3157894736842105,0.39999999999999997,0.07397129483465995,0.14587439082056455
tile_0222,a bird is sitting on a leaf in the forest,a satellite image of a road through a green field,an aerial view of a road in the middle of a green valley,0.2963272882726872,0.37040911034085894,0.34782608695652173,0.4347826086956522,0.11031569691241042,0.27207473166796503
tile_0223,a green leaf with a blur effect,an aerial view of a green field with a river,an aerial view of a road in the countryside,0.10735389901075512,0.5,0.125,0.5263157894736842,0.0,0.33609692727625756
tile_0224,a man in a suit and tie is walking down the street,a large body of water,a man standing on top of a large dam,0.25,0.26959737847033294,0.28571428571428575,0.42857142857142855,0.06437099366532754,0.23790309463326234
tile_0225,a green leaf with a blur effect,an aerial view of a golf course,an aerial view of a farm and fields,0.12383969996431167,0.6191984998215584,0.13333333333333333,0.6666666666666666,0.0,0.45026814465562653
tile_0226,a green leaf with white flowers,an aerial view of a green field with trees,an aerial view of a farm and fields,0.11942188509563156,0.5555555555555556,0.14285714285714288,0.5882352941176471,0.0,0.368023208756115
tile_0227,a close up of a green leaf,an aerial view of a golf course,an aerial view of a farm and fields,0.24767939992862334,0.6191984998215584,0.26666666666666666,0.6666666666666666,0.09349477497536716,0.45026814465562653
tile_0228,a green and white background with a small white flower,an aerial view of the golf course at the golf course,a large field with a small house in the middle,0.4,0.0909090909090909,0.4000000000000001,0.09523809523809525,0.12735952979479354,0.09533922763834012
tile_0229,a green and white background with a small white flower,an aerial view of the green fields and trees,an aerial view of a green field with a river,0.4,0.49713295378576094,0.4000000000000001,0.5263157894736842,0.12735952979479354,0.42113589132819584
tile_0230,a blur of a leaf,an aerial view of a golf course,an aerial view of a green valley with a small village,0.1807165271473212,0.4033700871483995,0.37499999999999994,0.5555555555555556,0.10964258683453854,0.3808165329771115
tile_0231,a blur of a tree,a satellite image of a green forest,aerial view of a forest,0.4,0.42857142857142855,0.4000000000000001,0.5,0.17077611319011649,0.29121941856368966
tile_0232,a black and white photo of a man in a suit,a green forest with a river running through it,a large hill with a forest in the background,0.2727272727272727,0.4444444444444444,0.3,0.4444444444444444,0.07244081925041987,0.16839750037215276
tile_0233,a green leaf with white spots,an aerial view of the golf course at the golf course,an aerial view of a green field and a river,0.17113903967753066,0.36363636363636365,0.25,0.380952380952381,0.08704446792504217,0.21283120630571967
tile_0234,a green and white flower with a white background,an aerial view of the golf course at the golf course,an aerial view of the golf course at the golf course,0.0,1.0,0.0,1.0,0.0,1.0
tile_0235,a bunch of flowers,a green leaf,an aerial view of the lake and surrounding area,0.07162619921504752,0.0,0.15384615384615383,0.0,0.10964258683453854,0.0
tile_0236,a black cat is sitting on a white surface,a piece of broccote,an aerial view of the island,0.0,0.15163266492815836,0.0,0.2,0.0,0.1362763414390864
tile_0237,a bunch of green leaves floating in the air,a green area,a large body of water surrounded by trees,0.2222222222222222,0.06295853427918728,0.23529411764705882,0.18181818181818182,0.07244081925041986,0.0
tile_0238,a tree with green leaves in the fore,a satellite image of a green field,an aerial view of a golf course,0.12500000000000003,0.2857142857142857,0.13333333333333333,0.2857142857142857,0.0,0.10163066979112656
tile_0239,a green plant with white flowers in the background,a satellite image of the site of the proposed site,an aerial view of a farm and fields,0.11111111111111109,0.2,0.11764705882352941,0.22222222222222224,0.0,0.10998569993173557
tile_0240,a green leaf with a white flower on it,a satellite image of a golf course,an aerial view of a farm and a road,0.2222222222222222,0.32206169703226534,0.2222222222222222,0.375,0.0,0.09349477497536716
tile_0241,a blur of leaves,an aerial view of a golf course,an aerial view of a farm and fields,0.18393972058572117,0.6191984998215584,0.3333333333333333,0.6666666666666666,0.12536693798731732,0.45026814465562653
tile_0242,a close up of a green leaf,a green field with trees and water,a large area with a river and trees,0.24767939992862334,0.4953587998572467,0.26666666666666666,0.5333333333333333,0.0,0.3360969272762574
tile_0243,a green gems stone,an aerial view of the site of the former fort,an aerial view of a farm in the hills,0.07162619921504752,0.5,0.15384615384615383,0.5263157894736842,0.0,0.5147429270236511
tile_0244,a green and white background with a small white dot,an aerial view of the golf course at the golf club,an aerial view of a farm and fields,0.2,0.36363636363636365,0.22222222222222224,0.4210526315789474,0.06437099366532754,0.250302046246969
tile_0245,a green leaf with white spots,a satellite image of a golf course,an aerial view of a river and a forest,0.10108844328543891,0.32206169703226534,0.13333333333333333,0.375,0.0,0.09349477497536716
tile_0246,a green background with a blur of leaves,a satellite image of a golf course,an aerial view of a green field with trees,0.4412484512922977,0.21470779802151024,0.47058823529411764,0.25,0.2798280652432878,0.08704446792504217
tile_0247,a green background with a white background,a satellite image of the golf course,an aerial view of a green field with trees,0.32206169703226534,0.21470779802151024,0.375,0.25,0.15592892548708362,0.07874460345594508
tile_0248,a blur of a tree in the forest,a green field with a small pond in the middle,an aerial view of a green valley with a small river,0.2577334795466146,0.45241870901797976,0.3157894736842105,0.47619047619047616,0.07397129483465995,0.21693381701139697
tile_0249,a blur of green leaves,an aerial view of the golf course at the golf course,an aerial view of a green valley with a small village,0.1807165271473212,0.36363636363636365,0.37499999999999994,0.36363636363636365,0.20608363501393825,0.19710177900851614
tile_0250,a blur of a tree in the forest,a satellite image of a green area with a river and a forest,an aerial view of the castle from above,0.25,0.07692307692307693,0.25,0.09523809523809525,0.17077611319011654,0.0633548122219654
tile_0251,a green tree in the middle of a field,an aerial view of the park,the view from the air of a mountain,0.3333333333333333,0.35826565528689464,0.35294117647058826,0.42857142857142855,0.24235771956792362,0.38768972948008423
tile_0252,a close up of a green leaf,an aerial view of a green field with a river,an aerial view of a golf course,0.2857142857142857,0.5,0.2857142857142857,0.588235294117647,0.10163066979112656,0.41120705506761873
tile_0253,a group of black and white butterflies flying in the sky,a green leaf,an aerial view of the lake and surrounding land,0.2727272727272727,0.0,0.3,0.0,0.18976728433844914,0.0
tile_0254,a vase with flowers in it,a satellite image of a green island,an aerial view of the river and its tributariess,0.0,0.10735389901075512,0.0,0.125,0.0,0.08176804146599938
tile_0255,a green plant with a white background,a satellite image of a green field,an aerial view of the river and surrounding farmland,0.0,0.10735389901075512,0.0,0.125,0.0,0.08176804146599938
tile_0256,a white and black cat is looking up at the camera,a green leaf,an aerial view of the lake and surrounding land,0.18181818181818182,0.0,0.19999999999999998,0.0,0.11914719328677732,0.0
tile_0257,a blur of a tree in the sky,an aerial view of a green field with a river,an aerial view of a farm and fields,0.25,0.5,0.25,0.5555555555555556,0.0845798608014702,0.368023208756115
tile_0258,a green leaf with white spots,an aerial view of the village of the village of the village of the village of the village of the village,an aerial view of a village in the mountains,0.10108844328543891,0.2857142857142857,0.13333333333333333,0.4,0.0,0.6318758643254954
tile_0259,a blur of a green leaf,an aerial view of a green field with trees,an aerial view of a farm and fields,0.23884377019126307,0.5555555555555556,0.28571428571428575,0.5882352941176471,0.1059921313509325,0.368023208756115
tile_0260,a green and white flower with a white flower in the middle,a golf course with a green field and trees,an aerial view of the golf course at the golf course,0.08333333333333333,0.17794164509262397,0.08695652173913043,0.19999999999999998,0.07107480421926013,0.22860635144004174
tile_0261,a green leaf with a white background,an aerial view of the river and surrounding farmland,oblique oblique oblique oblique oblique oblique oblique oblique oblique oblique oblique oblique oblique oblique oblique oblique oblique oblique oblique oblique oblique,0.0,0.0,0.0,0.0,0.0,0.0
tile_0262,a green leaf with white spots,a satellite image of a golf course,an aerial view of a farm and fields,0.11942188509563156,0.24767939992862334,0.14285714285714288,0.26666666666666666,0.0,0.09349477497536716
tile_0263,a green and white background with a small bird,a green field with a river running through it,aerial view of the countryside,0.0,0.0,0.0,0.0,0.0,0.0
tile_0264,a bird is sitting on a branch of a tree,an aerial view of a green field with a river,aerial view of the farm,0.10000000000000002,0.3,0.13333333333333333,0.4,0.09349477497536716,0.317107466580271
tile_0265,a close up of a green leaf,aerial view of the golf course at the golf course at the golf course,aerial view of the green fields and fields,0.24767939992862334,0.2857142857142857,0.26666666666666666,0.36363636363636365,0.16836842163679844,0.2023624473211839
tile_0266,a blur of a tree in the forest,a green field with a small lake in the middle,aerial view of the valley,0.25,0.10000000000000002,0.3076923076923077,0.13333333333333333,0.22576484600261612,0.08704446792504218
tile_0267,a tree with green leaves in the background,a satellite image of a green field with a road,aerial view of the countryside,0.12500000000000003,0.10000000000000002,0.15384615384615385,0.13333333333333333,0.09349477497536716,0.09349477497536716
tile_0268,a green background with a white and black pattern,a green and white surface with a small patch of water,a large green forest with lots of trees,0.3333333333333333,0.36363636363636365,0.35294117647058826,0.4210526315789474,0.16839750037215276,0.23577033983032974
tile_0269,a blur of a leaf,a satellite image of the golf course at the golf course,a large mountain with a small town in the middle,0.14715177646857694,0.18181818181818182,0.26666666666666666,0.1904761904761905,0.0,0.09867961797986957
tile_0270,a black and white dog sitting on top of a green leaf,an aerial view of a green field and a lake,an aerial view of a green valley and a river,0.4166666666666667,0.8,0.45454545454545453,0.8000000000000002,0.2038037084651848,0.6029748160380571
tile_0271,a green and white diamond,a green field,an aerial view of the site of the proposed new golf course,0.0,0.0,0.0,0.0,0.0,0.0
tile_0272,a green plant with a white background,a green field,an aerial view of the lake and surrounding area,0.0,0.0,0.0,0.0,0.0,0.0
tile_0273,a close up of a green leaf,an aerial view of the green fields and trees,aerial view of the fields,0.14285714285714285,0.5555555555555556,0.16666666666666666,0.7142857142857143,0.11234277891542777,0.6225407468137513
tile_0274,a green leaf with pink flowers in the background,a satellite image of a lake and a forest,an aerial view of a green field with a small lake,0.26691246763893595,0.35588329018524795,0.3,0.39999999999999997,0.13507348367087132,0.15976420924144447
tile_0275,a green background with small white dots,an aerial view of a green field,an aerial view of a farm and fields,0.12383969996431167,0.6191984998215584,0.13333333333333333,0.6666666666666666,0.0,0.45026814465562653
tile_0276,a small bird sitting on top of a green leaf,a satellite image of a golf course,aerial view of the countryside in the countryside of the italian countryside,0.08187307530779821,0.06993452279385044,0.0909090909090909,0.10526315789473685,0.07539578040993625,0.09730855609392253
tile_0277,a green leaf with white flowers,an aerial view of a golf course,an aerial view of a green valley,0.28216057496353797,0.7142857142857143,0.30769230769230765,0.7142857142857143,0.10163066979112656,0.5031026124151314
tile_0278,a green and white camouflage cam cam cam,an aerial view of a golf course,an aerial view of a farm in the countryside,0.11031211282307446,0.5367694950537757,0.11764705882352941,0.6250000000000001,0.0,0.41120705506761873
tile_0279,a close up of a green leaf,an aerial view of a green field,an aerial view of a farm in the middle of the country,0.13986904558770089,0.34967261396925226,0.2105263157894737,0.5263157894736842,0.13215817862062323,0.3713432757544298
tile_0280,a green and white flower with a black center,a satellite image of a green field,an aerial view of a green field with a small house,0.35588329018524795,0.4033700871483995,0.39999999999999997,0.5555555555555556,0.14587439082056455,0.29526755538240534
tile_0281,a green background with lots of small leaves,a satellite image of a green field,a large area with many trees and a small house,0.2920502936517768,0.18612544500887301,0.33333333333333326,0.23529411764705882,0.15592892548708362,0.0
tile_0282,a green leaf with a white background,an aerial view of a golf course,an aerial view of a farm and fields,0.12383969996431167,0.6191984998215584,0.13333333333333333,0.6666666666666666,0.0,0.45026814465562653
tile_0283,a green background with a white flower,an aerial view of a green field,an aerial view of a green field with a small house,0.32269606971871956,0.5647181220077593,0.4444444444444444,0.7777777777777778,0.17856621555757482,0.7092972666062739
tile_0284,a green leaf with white flowers,a satellite image of a golf course,aerial view of the village of the village of the village of the village of the village of the village of the village of the village,0.0,0.009464608450323096,0.0,0.060606060606060615,0.0,0.14970972182880402
tile_0285,a green plant with white flowers,an aerial view of a green field with a small lake,an aerial view of a small village in the mountains,0.08556951983876535,0.5454545454545454,0.125,0.5714285714285713,0.0,0.387556981443423
tile_0286,a blur of a tree in the forest,a green area with a small lake in the middle,"aerial view of the hills surrounding the village of la sera, in the province of asturias, spain",0.12174467525938115,0.09931706075828191,0.24,0.14814814814814817,0.3763701887869413,0.15588845818990435
tile_0287,a green leaf with a white background,a golf course in the woods,an aerial view of a green valley with a road,0.37225089001774603,0.08556951983876535,0.47058823529411764,0.125,0.19087406613020352,0.0
tile_0288,a blur of a tree,an aerial view of a green field with a road,an aerial view of the river and surrounding land,0.08986579282344431,0.4,0.14285714285714285,0.4210526315789474,0.10964258683453854,0.31125746752705385
tile_0289,a white plate with a bunch of black and white flowers,a green leaf,an aerial view of the lake and surrounding area,0.18181818181818182,0.0,0.19999999999999998,0.0,0.1130407841661348,0.0
tile_0290,a white apple sitting on top of a pile of green leaves,a lake surrounded by green grass and trees,a large lake surrounded by green fields,0.16666666666666669,0.625,0.2105263157894737,0.6666666666666666,0.06360120575671213,0.45026814465562653
tile_0291,a close up of a green leaf,aerial view of the golf course at the golf course,an aerial view of a farm and fields,0.24767939992862334,0.3,0.26666666666666666,0.33333333333333326,0.09349477497536716,0.16966690057423767
tile_0292,a bird sitting on a branch in the woods,an aerial view of a green field with a road,an aerial view of a farm in the middle of the country,0.23884377019126307,0.40936537653899097,0.28571428571428575,0.45454545454545453,0.17496747892731795,0.3035145735163532
tile_0293,a green leaf with white flowers,an aerial view of a green field,an aerial view of a farm and fields,0.11942188509563156,0.6191984998215584,0.14285714285714288,0.6666666666666666,0.0,0.45026814465562653
tile_0294,a blur of green leaves,a satellite image of a green field,an aerial view of a green field with trees,0.26959737847033294,0.4294155960430205,0.42857142857142855,0.5,0.2202881505618297,0.317107466580271
tile_0295,a bird is sitting on a branch of a tree,an aerial view of a golf course,an aerial view of a green field with a river,0.3,0.46531361252218256,0.3,0.588235294117647,0.07244081925041986,0.41120705506761873
tile_0296,a green leaf with a white background,an aerial view of the green fields and trees,an aerial view of a farm and fields,0.12383969996431167,0.6666666666666666,0.13333333333333333,0.7058823529411765,0.0,0.615218690896332
tile_0297,a close up of green leaves,an aerial view of a green field,an aerial view of a green field with trees,0.3032653298563167,0.7514772930752859,0.4,0.8750000000000001,0.1908740661302035,0.7765145304745155
tile_0298,a green background with white flowers,a satellite image of a green field,aerial view of a forest,0.16666666666666669,0.2857142857142857,0.1818181818181818,0.3333333333333333,0.0,0.1273595297947935
tile_0299,a green leaf with white spots,an aerial view of a green field,aerial view of the fields and fields in the countryside,0.0,0.2791881675133095,0.0,0.3529411764705882,0.0,0.20192619442719448
tile_0300,a green leaf with white flowers in the background,a satellite image of a golf course,aerial view of the countryside,0.11111111111111109,0.14285714285714285,0.14285714285714285,0.16666666666666666,0.08704446792504218,0.11234277891542777
tile_0301,a bunch of green leaves,a green field with a small lake in the middle,aerial view of farmland fields,0.2,0.0,0.20000000000000004,0.0,0.1273595297947935,0.0
tile_0302,a green background with leaves,a golf course in the woods,aerial view of the hills surrounding the village,0.0,0.11942188509563156,0.0,0.14285714285714288,0.0,0.1683684216367985
tile_0303,a green plant with white flowers in the background,a golf course in the woods,an aerial view of a green valley with a small village,0.26691246763893595,0.07243303475117972,0.3,0.11764705882352942,0.13507348367087132,0.0
tile_0304,a blur of a tree in the forest,an aerial view of a green field and a river,an aerial view of a forest with a road,0.4412484512922977,0.6,0.47058823529411764,0.631578947368421,0.18443191662261307,0.368023208756115
tile_0305,a white flower with a green stem,a satellite image of a green area with a small patch of land,an aerial view of the forest and the road,0.0,0.07692307692307693,0.0,0.09090909090909093,0.0,0.09865621511919306
tile_0306,a blur of a tree,a green field,an aerial view of the lake and surrounding land,0.08986579282344431,0.0,0.14285714285714285,0.0,0.10964258683453854,0.0
tile_0307,a white flower with green leaves on it,a green leaf with a black spot,an aerial view of the lake,0.0,0.0,0.0,0.0,0.0,0.0
tile_0308,a green leaf with a white background,aerial view of the golf course at the golf course,an aerial view of a green valley,0.2857142857142857,0.3,0.2857142857142857,0.3529411764705882,0.10163066979112656,0.18750311496760091
tile_0309,a green leaf with a white background,an aerial view of a green field,an aerial view of a green field with a small village,0.32269606971871956,0.5647181220077593,0.4444444444444444,0.7777777777777778,0.17856621555757482,0.7092972666062739
tile_0310,a green leaf with white flowers in the background,a satellite image of a golf course,an aerial view of a farm and fields,0.11111111111111109,0.24767939992862334,0.11764705882352941,0.26666666666666666,0.0,0.09349477497536716
tile_0311,a green leaf with a white background,an aerial view of the green fields and trees,an aerial view of a green valley with a small village,0.32269606971871956,0.44485411273156,0.4444444444444444,0.5,0.17856621555757482,0.387556981443423
tile_0312,green glitter,a satellite image of a golf course,an aerial view of a green field with trees,0.01509869171115925,0.21470779802151024,0.1818181818181818,0.25,0.1505569696020495,0.08704446792504217
tile_0313,a close up of a green plant with leaves,an aerial view of the green fields and trees,an aerial view of a green field with a small house,0.44485411273156,0.44485411273156,0.5,0.5,0.23577033983032974,0.387556981443423
tile_0314,a green leaf with a white background,an aerial view of a green field with a river running through it,an aerial view of a farm in the countryside,0.10735389901075512,0.38461538461538464,0.125,0.4545454545454546,0.0,0.2746117864358066
tile_0315,a close up of a green leaf,an aerial view of a green field with a river,aerial view of the farm,0.14285714285714285,0.3,0.16666666666666666,0.4,0.11234277891542777,0.317107466580271
tile_0316,a green leaf with white spots,a green forest with a river running through it,aerial view of a forest in the mountains,0.11942188509563156,0.2222222222222222,0.14285714285714288,0.23529411764705882,0.0,0.07780894359285004
tile_0317,a close up of a green leaf,a green field with a road and trees,an aerial view of a farm in the countryside,0.21470779802151024,0.11031211282307446,0.25,0.11764705882352941,0.08704446792504217,0.0
tile_0318,a green leaf with a white spot,an aerial view of the golf course at the golf course,an aerial view of a farm and fields,0.12383969996431167,0.36363636363636365,0.13333333333333333,0.4210526315789474,0.0,0.23304831764702297
tile_0319,a green leaf with white spots,a green field with a river running through it,an aerial view of a green valley,0.28216057496353797,0.2222222222222222,0.30769230769230765,0.25,0.10163066979112656,0.0845798608014702
tile_0320,a green leaf with white flowers in the background,a satellite image of a green forest,aerial view of a forest,0.11111111111111109,0.42857142857142855,0.14285714285714285,0.5,0.0,0.29121941856368966
tile_0321,a green leaf with white flowers in the background,an aerial view of the golf course at the golf course,aerial view of the countryside in the italian countryside,0.2222222222222222,0.45454545454545453,0.2222222222222222,0.5,0.17672814327788666,0.3116955119122993
tile_0322,a close up of a leaf with a white background,a satellite image of a golf course,a road in the middle of a forest,0.3,0.37151909989293497,0.33333333333333326,0.39999999999999997,0.0845798608014702,0.10163066979112656
tile_0323,a green tree with white flowers,a green field with a white flower,a large mountain with a forest in the background,0.2021768865708778,0.32206169703226534,0.26666666666666666,0.375,0.09349477497536716,0.09349477497536716
tile_0324,a blur of a person,a satellite image of a green field,an aerial view of a green field with a small lake,0.1807165271473212,0.4033700871483995,0.37499999999999994,0.5555555555555556,0.10964258683453854,0.29526755538240534
tile_0325,a man in a suit and tie is standing in front of a tree,a plane flying over a lush green field,an aerial view of a golf course,0.14285714285714285,0.12500000000000003,0.19047619047619047,0.13333333333333333,0.061005457719230355,0.0
tile_0326,a close up of a green leaf,a satellite image of a green field with a house in the middle,an aerial view of a green field with trees,0.32206169703226534,0.38461538461538464,0.375,0.4545454545454546,0.1908740661302035,0.2912194185636897
tile_0327,a green background with small leaves,a green field with a small patch of land,aerial view of the countryside,0.0,0.11111111111111109,0.0,0.14285714285714285,0.0,0.09349477497536716
tile_0328,a white flower in the middle of a green field,an aerial view of the site of the proposed site,an aerial view of a farm and a road,0.3,0.4,0.3157894736842105,0.4210526315789474,0.07244081925041987,0.31882319724566466
tile_0329,a green plant with white flowers,an aerial view of the area where the site of the proposed site is located,aerial view of the farm,0.0,0.26666666666666666,0.0,0.4,0.0,0.48575676022990927
tile_0330,a close up of a green leaf,an aerial view of a green field with a river running through it,aerial view of the countryside,0.14285714285714285,0.23076923076923078,0.16666666666666666,0.33333333333333337,0.11234277891542777,0.26242093626195995
tile_0331,a bunch of green leaves,aerial view of the green fields,aerial view of the fields,0.2,0.8333333333333334,0.20000000000000004,0.9090909090909091,0.1273595297947935,0.8466473536503037
tile_0332,a close up of a green leaf,an aerial view of a golf course,aerial view of rice fields,0.14285714285714285,0.42857142857142855,0.16666666666666666,0.5,0.11234277891542777,0.38087260847594373
tile_0333,a green leaf with white spots,aerial view of golf course,aerial view of rice fields in the countryside of the philippines,0.0,0.1807165271473212,0.0,0.37499999999999994,0.0,0.3111424502686144
tile_0334,a close up of a green leaf,an aerial view of a golf course,aerial view of a farm in the countryside,0.24767939992862334,0.4953587998572467,0.26666666666666666,0.5333333333333333,0.09349477497536716,0.3041257418754935
tile_0335,a close up of a green leaf,an aerial view of a green field,aerial view of the road from the air,0.12383969996431167,0.37151909989293497,0.13333333333333333,0.39999999999999997,0.07734781234369076,0.24478531173455215
tile_0336,a green plant with a white flower,a satellite image of a golf course,an aerial view of a green valley with a small village,0.32269606971871956,0.24202205228903967,0.4444444444444444,0.33333333333333326,0.17856621555757482,0.08176804146599938
tile_0337,a green gems stone,an aerial view of the site of the proposed site,an aerial view of a rural area,0.11809163818525367,0.4,0.18181818181818182,0.47058823529411764,0.0,0.35623391380599695
tile_0338,a green cam cam cam cam cam cam cam cam cam cam cam cam cam cam cam cam cam cam cam,a satellite image of the golf course at the golf course,a view of a valley with trees and hills,0.047619047619047616,0.18181818181818182,0.06666666666666667,0.19999999999999998,0.0,0.050401258967805646
tile_0339,a green emerald gems,an aerial view of the green fields and trees,aerial view of the landscape of the amazon rainforest,0.0,0.4444444444444444,0.0,0.4444444444444444,0.0,0.40360399391113744
tile_0340,a green background with white flowers,a green forest with a small patch of land,a large hill with a forest and a road,0.2021768865708778,0.4444444444444444,0.26666666666666666,0.4444444444444444,0.10163066979112656,0.18443191662261307
tile_0341,a green leaf with a white flower,a green forest with a road and trees,a road winding through a lush green forest,0.37151909989293497,0.625,0.39999999999999997,0.625,0.10163066979112656,0.33609692727625745
tile_0342,a green leaf with white spots,an aerial view of a green field with trees,an aerial view of a farm and fields,0.11942188509563156,0.5555555555555556,0.14285714285714288,0.5882352941176471,0.0,0.368023208756115
tile_0343,a green tree with a white stripe on it,an aerial view of the site of the former military base,an aerial view of the farm and surrounding fields,0.0,0.45454545454545453,0.0,0.5,0.0,0.44826481634407167
tile_0344,a leaf with a white line on it,a satellite image of a green field,aerial view of the farm land,0.0,0.14285714285714285,0.0,0.15384615384615383,0.0,0.10163066979112656
tile_0345,a close up of a green leaf,aerial view of the river,aerial view of the fields,0.14285714285714285,0.8,0.16666666666666666,0.8000000000000002,0.11234277891542777,0.6694188517266485
tile_0346,a green leaf with a white background,an aerial view of the golf course at the golf course,an aerial view of a farm and fields,0.12383969996431167,0.36363636363636365,0.13333333333333333,0.4210526315789474,0.0,0.23304831764702297
tile_0347,a close up of a green leaf,an aerial view of a green field with trees,aerial view of the farm,0.14285714285714285,0.3333333333333333,0.16666666666666666,0.42857142857142855,0.11234277891542777,0.317107466580271
tile_0348,a green leaf with a blur of the leaves,a green field with a river running through it,aerial view of a green valley in the mountains,0.4444444444444444,0.2222222222222222,0.4444444444444444,0.2222222222222222,0.2532094495161745,0.07244081925041986
tile_0349,a green leaf with white spots,a green golf course with a hole in the middle,aerial view of the golf course at the golf course at the golf course,0.0,0.20109601381069178,0.0,0.25,0.0,0.39252327781545904
tile_0350,a green and white background with small leaves,aerial view of the countryside,an aerial view of a green field with trees,0.3309363384692233,0.26959737847033294,0.35294117647058826,0.42857142857142855,0.15592892548708362,0.317107466580271
tile_0351,a close up of a green leaf,an aerial view of a green field with a road,aerial view of the countryside,0.14285714285714285,0.3,0.16666666666666666,0.4,0.11234277891542777,0.317107466580271
tile_0352,a close up of a green leaf,an aerial view of a golf course,an aerial view of a green field with a small pond,0.32269606971871956,0.4033700871483995,0.4444444444444444,0.5555555555555556,0.1785662155575748,0.3808165329771115
tile_0353,a green background with a blur effect,a satellite image of a golf course,aerial view of farmland fields in the countryside of the italian countryside,0.0,0.06993452279385044,0.0,0.10526315789473685,0.0,0.1191471932867773
tile_0354,a green and white background with a small bird,an aerial view of a green field,an aerial view of a green field with trees,0.3333333333333333,0.7514772930752859,0.3333333333333333,0.8750000000000001,0.15592892548708362,0.7765145304745155
tile_0355,a blur of a person walking on a path,a large field with a small pond in the middle,oblique oblique oblique oblique oblique oblique oblique oblique oblique oblique oblique oblique oblique oblique oblique oblique oblique oblique oblique oblique oblique,0.0,0.0,0.0,0.0,0.0,0.0
tile_0356,a camouflage cam cam cam cam cam cam cam cam cam cam cam cam cam cam cam cam cam cam cam,aerial view of the green fields,a large field with lots of green grass,0.047619047619047616,0.23884377019126307,0.06896551724137931,0.28571428571428575,0.0,0.18443191662261307
tile_0357,a green gems,aerial view of the golf course at the golf course at the golf course,an aerial view of a farm and a river,0.045111761078870896,0.21428571428571425,0.16666666666666666,0.2608695652173913,0.0,0.1133690920669983
tile_0358,a green and white image of a man,an aerial view of the site of the proposed site,an aerial view of the site of the proposed site,0.09735009788392564,1.0,0.11111111111111112,1.0,0.11521554337793123,1.0
tile_0359,a green leaf with a white flower in the middle,a golf course in the woods,an aerial view of the site of the proposed site,0.10000000000000002,0.08556951983876535,0.10000000000000002,0.125,0.0986796179798696,0.12735952979479356
tile_0360,a green leaf with a blur effect,an aerial view of a green field with a road,an aerial view of a rural area,0.14285714285714285,0.5,0.14285714285714285,0.588235294117647,0.0,0.41120705506761873
tile_0361,a green leaf with a white stripe,a satellite image of a green field,an aerial view of a green field with trees,0.32206169703226534,0.4294155960430205,0.375,0.5,0.19087406613020352,0.317107466580271
tile_0362,a close up of a green leaf,an aerial view of the river and surrounding farmland,aerial view of the countryside,0.14285714285714285,0.4444444444444444,0.16666666666666666,0.5714285714285714,0.11234277891542777,0.4392749903163555
tile_0363,a small bird perched on a leaf,a satellite image of a green field with a river running through it,aerial view of the countryside,0.0,0.07692307692307693,0.0,0.1111111111111111,0.0,0.07734781234369076
tile_0364,a green leaf with white flowers,an aerial view of a golf course,an aerial view of a farm and fields,0.11942188509563156,0.6191984998215584,0.14285714285714288,0.6666666666666666,0.0,0.45026814465562653
tile_0365,a close up of a green leaf,a satellite image of a golf course,an aerial view of a green valley with a road,0.37225089001774603,0.2791881675133095,0.47058823529411764,0.3529411764705882,0.1908740661302035,0.08704446792504217
tile_0366,a green leaf with a white background,a satellite image of a river running through a green landscape,aerial view of the farm,0.0,0.0909090909090909,0.0,0.12500000000000003,0.0,0.08704446792504217
tile_0367,a close up of a leaf with a blur,a satellite image of a golf course,aerial view of the countryside,0.11111111111111109,0.14285714285714285,0.14285714285714285,0.16666666666666666,0.10163066979112656,0.11234277891542777
tile_0368,a close up of a green leaf,an aerial view of a green field with a small house,an aerial view of a farm in the countryside,0.21470779802151024,0.45454545454545453,0.25,0.5,0.08704446792504217,0.31125746752705385
tile_0369,a green leaf with white spots,a satellite image of the golf course at the golf course,an aerial view of a green field with trees,0.3032653298563167,0.18181818181818182,0.4,0.19999999999999998,0.19087406613020352,0.04692402084245643
tile_0370,a blur of green leaves,aerial view of the green fields,an aerial view of a green field with trees,0.26959737847033294,0.4043537731417556,0.42857142857142855,0.5333333333333333,0.2202881505618297,0.41120705506761873
tile_0371,a small white flower on a green leaf,a satellite image of a green field with a lake,an aerial view of a farm and fields,0.12500000000000003,0.2,0.125,0.22222222222222224,0.0,0.07780894359285004
tile_0372,a green leaf with white spots,an aerial view of the site of the proposed site,aerial view of the site of the proposed new farm,0.0,0.8,0.0,0.8000000000000002,0.0,0.7900322566465156
tile_0373,a bird is sitting on a branch in the woods,an aerial view of a golf course,oblique oblique oblique oblique oblique oblique oblique oblique oblique oblique oblique oblique oblique oblique oblique oblique oblique oblique oblique oblique oblique,0.0,0.0,0.0,0.0,0.0,0.0
tile_0374,a close up of a green leaf,an aerial view of the site of the battle of waterloo,oblique oblique oblique oblique oblique oblique oblique oblique oblique oblique oblique oblique oblique oblique oblique oblique oblique oblique oblique oblique oblique,0.0,0.0,0.0,0.0,0.0,0.0
tile_0375,a pink flower with green leaves in the background,aerial view of the golf course at the golf club,a large field with a river running through it,0.2222222222222222,0.0,0.2222222222222222,0.0,0.07244081925041986,0.0
tile_0376,a close up of a green leaf,a large body of water,an aerial view of a lake surrounded by trees,0.21470779802151024,0.17973158564688863,0.25,0.2857142857142857,0.08704446792504217,0.09867961797986957
tile_0377,a bunch of white flowers on a black background,a green field with a small patch of land,aerial view of the golf course at the golf course at the golf course,0.06375038008193697,0.06375038008193697,0.08695652173913043,0.08695652173913043,0.034287183990724265,0.034287183990724265
