tile_id,caption_lr,caption_sr,caption_gt_rs,bleu1_lr,bleu1_sr,rouge1_lr,rouge1_sr,tfidf_lr,tfidf_sr
tile_0000,a black and white image of a man with a beard,aerial view of the lake,aerial view of farmland fields in the countryside of the french countryside,0.08300915602566021,0.1972775711532852,0.08695652173913043,0.47058823529411764,0.09231660587831024,0.48321232863706187
tile_0001,a white and black cat,an aerial view of a lake and a road,a satellite image of a farm in the middle of the country,0.0493193927883213,0.23884377019126307,0.11764705882352941,0.28571428571428575,0.0,0.11446760068960028
tile_0002,a white and black cat,a satellite image of a lake in the middle of a green field,an aerial view of the site of the proposed site,0.0,0.23076923076923078,0.0,0.2608695652173913,0.0,0.2834289552492495
tile_0003,a black and white photo of a person ' s face,an aerial view of a field with a road,an aerial view of the site of the proposed site,0.0909090909090909,0.39770636302860873,0.10000000000000002,0.4210526315789474,0.10599213135093251,0.31882319724566466
tile_0004,a white house with a green roof,an aerial view of a road and a field,an aerial view of the site of the former estate,0.0,0.39770636302860873,0.0,0.4210526315789474,0.0,0.3477492453816745
tile_0005,a green leaf with white flowers,an aerial view of a house in the middle of a field,an aerial view of the site of the former fort,0.0,0.5,0.0,0.5454545454545454,0.0,0.5485910002940579
tile_0006,a white and black cat sitting on a green chair,an aerial view of the site of the proposed site,an aerial view of the site of the proposed site,0.0,1.0,0.0,1.0,0.0,1.0
tile_0007,a city with lots of buildings and trees,"an aerial view of the city of fort, texas",a large city,0.25,0.11111111111111109,0.36363636363636365,0.16666666666666666,0.161713780662529,0.1272589870097525
tile_0008,a black and white photo of a city,a map of the city of edmonton,an aerial view of a small town,0.25,0.2857142857142857,0.26666666666666666,0.2857142857142857,0.09193998174078082,0.1757860783933462
tile_0009,an aerial view of a city with a red car,an aerial view of the site of the former building,an aerial view of a small town,0.5,0.4,0.588235294117647,0.47058823529411764,0.41120705506761873,0.388554144665772
tile_0010,a man in a suit and tie is standing in front of a camera,an aerial view of the site of the proposed new school,an aerial view of a rural area,0.14285714285714285,0.36363636363636365,0.19047619047619047,0.4444444444444444,0.061005457719230355,0.37134327575442994
tile_0011,a close up of a purple flower,an aerial view of the site of the site,aerial view of the site of the battle of the sommeer,0.08067401742967989,0.622795757824184,0.1111111111111111,0.7000000000000001,0.16608457334706025,0.8014085606669208
tile_0012,a cell with a cell in the middle,aerial view of the site of the proposed site,an aerial view of the farm and surrounding fields,0.11031211282307446,0.4444444444444444,0.11764705882352941,0.4444444444444444,0.06335481222196541,0.3612742844568884
tile_0013,a black and white dog is looking up at the camera,aerial view of the fields,an aerial view of the fields and fields,0.18181818181818182,0.5488116360940264,0.2105263157894737,0.7692307692307693,0.11234277891542778,0.776193897524313
tile_0014,a black and white cat is looking at the camera,aerial view of the road,aerial view of the fields,0.10000000000000002,0.8,0.13333333333333333,0.8000000000000002,0.08176804146599938,0.6694188517266485
tile_0015,a green and white mosaic tile,a satellite image of a road in the middle of a green field,an aerial view of the farm and fields,0.11942188509563156,0.15384615384615385,0.14285714285714288,0.1904761904761905,0.08704446792504217,0.18576795947976335
tile_0016,a purple vase sitting on top of a table,an aerial view of the site of the proposed site,an aerial view of a farm in the middle of the country,0.15922918012750872,0.5731115271545874,0.1904761904761905,0.6363636363636365,0.10998569993173557,0.5537528826695526
tile_0017,a black cat is sitting on a green surface,aerial view of the fields,an aerial view of the farm land in the middle of the country,0.0,0.1615172143957243,0.0,0.4444444444444444,0.0,0.5526227386709891
tile_0018,a green diamond,a green patch of land with a small patch of land in the middle,an aerial view of a road in the countryside,0.045111761078870896,0.2857142857142857,0.16666666666666666,0.34782608695652173,0.0,0.2045271641032539
tile_0019,a close up of a green plant with a blur,an aerial view of the wetlands and wetlands,an aerial view of the vineyards in the region of la rio,0.08187307530779821,0.37908166232039586,0.0909090909090909,0.5,0.10599213135093251,0.39720507693177903
tile_0020,a cell with a cell membrane,a green and purple algae in the ocean,a satellite image of a forest with a lake in the middle,0.18393972058572117,0.22744899739223753,0.3333333333333333,0.3,0.07397129483465995,0.14587439082056455
tile_0021,a black and white photo of a flower,an aerial view of the land in the middle of the island,the aerial image of the site of the proposed site,0.09735009788392564,0.5,0.11111111111111112,0.5454545454545454,0.10163066979112657,0.5415443207343179
tile_0022,a blur of a bird in a tree,an aerial view of the site of the former military base,an aerial view of the farm and surrounding fields,0.11031211282307446,0.45454545454545453,0.11764705882352941,0.5,0.08176804146599938,0.44826481634407167
tile_0023,a blur of a car driving down a road,an aerial view of a farm and farm land,an aerial view of the site of the site,0.11111111111111109,0.4444444444444444,0.1111111111111111,0.4444444444444444,0.11955663142088066,0.2629876397304469
tile_0024,an aerial view of a house in the suburbs,an aerial view of the site of the former school,an aerial view of the site of the former home of the late king of thailand,0.25523656890884816,0.49393047248462374,0.39999999999999997,0.6923076923076923,0.47923049790941796,0.7975136982069451
tile_0025,a satellite image of the city of new orleans,a satellite image of the city of winnipeg,a small town with lots of houses and buildings,0.2222222222222222,0.22062422564614886,0.2222222222222222,0.23529411764705882,0.13045377565198957,0.13942995985310802
tile_0026,a large number of squares in a square,a satellite image of the city of winnipeg,an aerial view of a small town,0.25,0.25,0.26666666666666666,0.26666666666666666,0.09193998174078082,0.16279449511971256
tile_0027,a blur of a city with a tree in the fore,an aerial view of the campus,an aerial view of the site of the proposed site,0.18181818181818182,0.4278475991938267,0.1904761904761905,0.625,0.2202881505618297,0.5800762373653504
tile_0028,a view from the top of a building,"an aerial view of the city of fort, texas",an aerial view of a small town,0.375,0.4444444444444444,0.39999999999999997,0.5,0.20199309249791841,0.45936277407082354
tile_0029,a person is standing on a roof with a cell,an aerial view of a city with a road,an aerial view of a small town,0.10000000000000002,0.5555555555555556,0.11764705882352941,0.6250000000000001,0.0,0.45026814465562653
tile_0030,a close up of a flower with a blur,aerial view of the site of the proposed site,an aerial view of the site of the proposed site,0.09942659075715217,0.8948393168143697,0.10526315789473685,0.9473684210526316,0.11521554337793123,0.9400186907181732
tile_0031,a blur of a tree in the background,a large field with a road and a small house,an aerial view of the site of the proposed site,0.19470019576785122,0.0,0.22222222222222224,0.0,0.26055567105626243,0.0
tile_0032,a satellite satellite satellite is seen in this image,an aerial view of the site of the former military base,an aerial view of the site of the former farm,0.0,0.8181818181818182,0.0,0.8571428571428572,0.0,0.8159466395833365
tile_0033,a blur of a person walking on a sidewalk,an aerial view of the site of the former military base,an aerial view of the site of the former home of the late king of england,0.05104731378176962,0.5193297973147761,0.08,0.6666666666666666,0.16891673509923924,0.7496059437038727
tile_0034,a green plant with a white background,an aerial view of the site of the former castle,an aerial view of the village of the village of the village of the village of the village of the village,0.0,0.23300975858865566,0.0,0.45161290322580644,0.0,0.5429299007068947
tile_0035,a close up of a person ' s face,a satellite image of a river and a road,an aerial view of the flooded river,0.11111111111111109,0.2222222222222222,0.13333333333333333,0.25,0.09349477497536716,0.18443191662261307
tile_0036,a green plant with a white flower in the middle,a green forest with lots of trees,an aerial view of the road that goes through the mountains,0.09048374180359597,0.08067401742967989,0.09523809523809525,0.1111111111111111,0.11129859886312511,0.061005457719230355
tile_0037,a cell is shown in this image,an aerial view of a lake surrounded by trees,an aerial view of the golf course at the golf club,0.0,0.35588329018524795,0.0,0.39999999999999997,0.0,0.22858816137955915
tile_0038,a close up of a flower with a blur effect,aerial view of the wetlands,aerial view of the rice fields in the countryside of the philippines,0.08187307530779821,0.1972775711532852,0.0909090909090909,0.47058823529411764,0.09349477497536719,0.5741441854279272
tile_0039,a close up of a leaf with a blur,a large body of water,an aerial view of the site of the proposed site,0.09942659075715217,0.07357588823428847,0.10526315789473685,0.13333333333333333,0.11521554337793123,0.14438355527738675
tile_0040,a cell with a cell attached to it,an aerial view of the site of the proposed site,an aerial view of the countryside,0.0,0.5,0.0,0.625,0.0,0.5800762373653504
tile_0041,a close up of a green and purple colored glass,aerial view of the green fields,an aerial view of the countryside,0.10000000000000002,0.6666666666666666,0.125,0.6666666666666666,0.07874460345594508,0.5031026124151314
tile_0042,a green and white flower with a black background,an aerial view of a green field,oblique oblique oblique oblique oblique oblique oblique oblique oblique oblique oblique oblique oblique oblique oblique oblique oblique oblique oblique oblique oblique,0.0,0.0,0.0,0.0,0.0,0.0
tile_0043,a large green and white mosaic tile,"a satellite image of the city of fort, texas",an aerial view of a small town,0.14285714285714285,0.2222222222222222,0.14285714285714285,0.25,0.0,0.1523141551937591
tile_0044,a city from above,a map of the city of edmonton,an aerial view of the town of port,0.0,0.37151909989293497,0.0,0.39999999999999997,0.0,0.3921811759712531
tile_0045,a bird flying over a city with a lot of buildings,an aerial view of the site of the proposed new school,an aerial view of the city of kaua,0.18181818181818182,0.5454545454545454,0.2105263157894737,0.631578947368421,0.20898368919644475,0.598825544527347
tile_0046,a city from the air,a map of the city of edmonton,an aerial view of a city with many houses,0.17973158564688863,0.32206169703226534,0.2857142857142857,0.375,0.09867961797986956,0.24385664472470867
tile_0047,a map of the city of london,a satellite image of a city,an aerial view of a small town,0.2857142857142857,0.28216057496353797,0.2857142857142857,0.30769230769230765,0.1757860783933462,0.11521554337793123
tile_0048,a green leaf with a white stripe,an aerial view of the city of st louis,an aerial view of a city with lots of buildings,0.18612544500887301,0.596559544542913,0.23529411764705882,0.631578947368421,0.07357474610589511,0.5744651733947117
tile_0049,a bird is sitting on a branch in the woods,an aerial view of the site of the former fort,a small town with a lot of green grass,0.2,0.10000000000000002,0.2105263157894737,0.10526315789473685,0.0,0.1144676006896003
tile_0050,a blur of a person in a suit,an aerial view of a small town,an aerial view of the site of the proposed site,0.09735009788392564,0.37225089001774603,0.11111111111111112,0.47058823529411764,0.12735952979479354,0.35623391380599695
tile_0051,a pink and white wall with a white ceiling,an aerial view of the site of the proposed site,an aerial view of a farm in the countryside,0.11111111111111109,0.5,0.1111111111111111,0.5263157894736842,0.0,0.46348639791287216
tile_0052,a small dog is standing in the grass,an aerial view of the farm land,an aerial view of the site of the proposed development,0.09735009788392564,0.46531361252218256,0.11111111111111112,0.588235294117647,0.1144676006896003,0.5687131641027126
tile_0053,a close up of a purple and white diamond,aerial view of the green fields,an aerial view of the site of the proposed site,0.09942659075715217,0.3422780793550613,0.10526315789473685,0.5,0.10599213135093251,0.4552018457650675
tile_0054,a cell with a cell membrane in the middle,an aerial view of a lake surrounded by trees,an aerial view of the lake and surrounding forest,0.11111111111111109,0.5555555555555556,0.1111111111111111,0.5555555555555556,0.05951439576030657,0.42113589132819584
tile_0055,a close up of a black and white flower,aerial view of the wetlands,a satellite image of a lake surrounded by trees,0.3333333333333333,0.08986579282344431,0.3333333333333333,0.14285714285714285,0.07780894359285004,0.09349477497536716
tile_0056,a green leaf with a white background,an aerial view of the golf course at the golf course,the golf course at the golf club in the hills,0.0,0.5454545454545454,0.0,0.5714285714285713,0.0,0.6216033275603057
tile_0057,a green leaf with a white spot,a large body of water,an aerial view of a lake surrounded by trees,0.10735389901075512,0.17973158564688863,0.125,0.2857142857142857,0.0,0.09867961797986957
tile_0058,a black and white cat is looking at the camera,a satellite image of a green field,an aerial view of a green field,0.10000000000000002,0.5714285714285714,0.11764705882352941,0.5714285714285714,0.0,0.38087260847594373
tile_0059,a cell with a cell in the middle,an aerial view of a green field,oblique oblique oblique oblique oblique oblique oblique oblique oblique oblique oblique oblique oblique oblique oblique oblique oblique oblique oblique oblique oblique,0.0,0.0,0.0,0.0,0.0,0.0
tile_0060,a large white cloud in the sky,a satellite image of the amazon river,an aerial view of the site of the proposed site,0.09306272250443651,0.18612544500887301,0.11764705882352941,0.23529411764705882,0.11521554337793123,0.26055567105626243
tile_0061,a blur of a cityscape,an aerial view of the village,an aerial view of the village and surrounding area,0.08986579282344431,0.6065306597126334,0.14285714285714285,0.8,0.10964258683453854,0.7092972666062739
tile_0062,a satellite image of the city of san,a satellite image of the city of new orleans,an aerial view of a small town,0.25,0.2222222222222222,0.26666666666666666,0.25,0.16279449511971256,0.1523141551937591
tile_0063,a view of the city from a high angle,a map of the city of ottawa,an aerial view of a city with many buildings,0.4444444444444444,0.32206169703226534,0.4444444444444444,0.375,0.2532094495161745,0.24385664472470867
tile_0064,a large group of white and red squares,a map of the city of edmonton,an aerial view of a small town,0.25,0.2857142857142857,0.26666666666666666,0.2857142857142857,0.0845798608014702,0.1757860783933462
tile_0065,a map of the city of london,a map of the city of new york,an aerial view of a small town,0.2857142857142857,0.25,0.2857142857142857,0.26666666666666666,0.1757860783933462,0.16279449511971256
tile_0066,a satellite image of the city of london,"an aerial view of the city of st louis, minnesota",an aerial view of a small town,0.25,0.4,0.26666666666666666,0.47058823529411764,0.16279449511971256,0.4316433290730968
tile_0067,a view of the city from the air,an aerial view of the site of the proposed development,a small town surrounded by trees and mountains,0.12500000000000003,0.0,0.125,0.0,0.0,0.0
tile_0068,an aerial view of a house in the middle of a neighborhood,a large white building,an aerial view of a construction site in the middle of a river,0.7667036788577695,0.026349806140466083,0.8,0.11764705882352941,0.670886800175419,0.0
tile_0069,a green and yellow area with a small patch of grass,a large field with a small lake in the middle,an aerial view of the site of the former factory,0.0909090909090909,0.10000000000000002,0.09523809523809525,0.10000000000000002,0.10011031656225385,0.10657035539480768
tile_0070,a satellite image of the site of the proposed building,an aerial view of the site of the proposed site,an aerial view of the village,0.2,0.5,0.25,0.625,0.3006561224948461,0.5800762373653504
tile_0071,a small plane flying over a small town,an aerial view of a farm and a road,an aerial view of a farm and fields,0.12500000000000003,0.7777777777777778,0.125,0.823529411764706,0.0,0.7523197619890014
tile_0072,a blur of a green field,an aerial view of the wetlands and wetlands,the site of the incas in the andes,0.11942188509563156,0.25,0.14285714285714288,0.25,0.07356504454762458,0.22406547383039793
tile_0073,a blur of a person walking on a path,an aerial view of a road and a forest,an aerial view of the site of the proposed site,0.09942659075715217,0.39770636302860873,0.10526315789473685,0.4210526315789474,0.11521554337793123,0.31882319724566466
tile_0074,a white face with a black nose,an aerial view of the golf course,oblique oblique oblique oblique oblique oblique oblique oblique oblique oblique oblique oblique oblique oblique oblique oblique oblique oblique oblique oblique oblique,0.0,0.0,0.0,0.0,0.0,0.0
tile_0075,a green leaf with a white background,an aerial view of the site of the former military base,an aerial view of the farm and surrounding area,0.0,0.45454545454545453,0.0,0.5,0.0,0.44826481634407167
tile_0076,a black and white bird flying over a forest,an aerial view of the golf course at the golf club,oblique oblique oblique oblique oblique oblique oblique oblique oblique oblique oblique oblique oblique oblique oblique oblique oblique oblique oblique oblique oblique,0.0,0.0,0.0,0.0,0.0,0.0
tile_0077,a close up of a flower with a blur effect,an aerial view of a green field with a road,an aerial view of the site of the proposed site,0.10000000000000002,0.4,0.10000000000000002,0.4000000000000001,0.10599213135093251,0.2911650526086002
tile_0078,a blur of a tree,an aerial view of the site of the former military base,an aerial view of the village and surrounding area,0.08986579282344431,0.45454545454545453,0.14285714285714285,0.5,0.10964258683453854,0.44826481634407167
tile_0079,a black and white photo of a city,a satellite image of the city of san,an aerial view of a small town,0.25,0.25,0.26666666666666666,0.26666666666666666,0.09193998174078082,0.16279449511971256
tile_0080,a black and white photo of a small area,a satellite image of the city of winnipeg,an aerial view of a small town in the democratic democratic democratic democratic democratic democratic democratic democratic democratic democratic democratic democratic,0.08786571270524224,0.07384187820157277,0.2,0.20689655172413796,0.033601318444708955,0.04835902489489647
tile_0081,a black and white photo of a city,a city with lots of buildings and trees,an aerial view of a city with many buildings,0.3309363384692233,0.5515605641153721,0.35294117647058826,0.5882352941176471,0.17077611319011654,0.368023208756115
tile_0082,a black and white image of a city,a map of the city of edmonton,an aerial view of a small town,0.25,0.2857142857142857,0.26666666666666666,0.2857142857142857,0.09193998174078082,0.1757860783933462
tile_0083,a large tree with a lot of green leaves,a satellite image of the city of new london,an aerial view of a small town,0.2222222222222222,0.2222222222222222,0.25,0.25,0.0845798608014702,0.1523141551937591
tile_0084,a large white house surrounded by trees,an aerial view of the campus,an aerial view of a small town,0.14285714285714285,0.5643211499270759,0.14285714285714285,0.6153846153846153,0.0,0.5031026124151314
tile_0085,a satellite image of the site of the proposed site,an aerial view of the site of the proposed development,an aerial view of the site of the proposed development,0.6,1.0,0.6,1.0,0.6314757681550579,1.0
tile_0086,a green and white cat is standing in the grass,an aerial view of the site of the proposed site,an aerial view of the site of the former fort,0.10000000000000002,0.8,0.10000000000000002,0.8000000000000002,0.10011031656225385,0.7900322566465156
tile_0087,an aerial view of a neighborhood,an aerial view of the site of the former building,an aerial view of a small town,0.7054014374088451,0.4,0.7692307692307692,0.47058823529411764,0.5803329846765686,0.388554144665772
tile_0088,an aerial view of a road and a forest,an aerial view of the site of the proposed new hospital,an aerial view of a road and a small town,0.7954127260572175,0.36363636363636365,0.8421052631578948,0.380952380952381,0.6735205045780811,0.30351457351635325
tile_0089,a satellite image of the area where the plane crashed,an aerial view of the site of the former military base,an aerial view of the site of the former military base in the town of khari,0.16464349082820792,0.6347364189402819,0.23076923076923075,0.8148148148148148,0.35681186689392513,0.8821574783846511
tile_0090,a blur of a tree,an aerial view of the river and surrounding farmland,an aerial view of the village and surrounding countryside,0.08986579282344431,0.7777777777777778,0.14285714285714285,0.7777777777777778,0.10964258683453854,0.6392306240536285
tile_0091,a green and white flower with a black background,a satellite image of a river running through a green field,a green field with a small house in the middle,0.39770636302860873,0.36363636363636365,0.4210526315789474,0.380952380952381,0.15592892548708362,0.14438355527738672
tile_0092,a green leaf with a white background,an aerial view of the golf course at the golf club,an aerial view of the golf course at the golf club,0.0,1.0,0.0,1.0,0.0,1.0000000000000002
tile_0093,a black and white image of a dog,an aerial view of the site of the site of the first battle,oblique oblique oblique oblique oblique oblique oblique oblique oblique oblique oblique oblique oblique oblique oblique oblique oblique oblique oblique oblique oblique,0.0,0.0,0.0,0.0,0.0,0.0
tile_0094,a white bird is flying through the air,the aerial view of the golf course,an aerial view of the site of the proposed site,0.09735009788392564,0.46531361252218256,0.11111111111111112,0.588235294117647,0.10599213135093251,0.5171591665061943
tile_0095,a black cat is standing on a rock,a satellite image of the site of the ancient site,an aerial view of the site of the proposed site,0.0,0.6,0.0,0.6,0.0,0.6353288195669101
tile_0096,a blur of a tree,an aerial view of the farm and surrounding area,an aerial view of a farm in the countryside,0.17973158564688863,0.6666666666666666,0.2857142857142857,0.6666666666666666,0.11671773546032795,0.5507796339456278
tile_0097,a man in a suit and tie is standing in front of a building,an aerial view of the site of the former school,an aerial view of the village,0.07142857142857141,0.5,0.1,0.625,0.061005457719230355,0.6442263282436969
tile_0098,a large area with lots of trees and bushes,a map of the city of edmonton,a large city with lots of houses and trees,0.7777777777777778,0.32206169703226534,0.7777777777777778,0.375,0.6029748160380571,0.24385664472470867
tile_0099,a bird is perched on a branch in the middle of a forest,a satellite image of the city of st louis,"an aerial view of the city of kaba, democratic democratic democratic democratic democratic democratic democratic democratic democratic democratic democratic",0.09697125947641845,0.14630799458129135,0.125,0.2857142857142857,0.04462255721716539,0.10118927740718012
tile_0100,a large crowd of people in a large city,a satellite image of the city of new orleans,an aerial view of a small town,0.2222222222222222,0.2222222222222222,0.25,0.25,0.07397129483465995,0.1523141551937591
tile_0101,a satellite image of the house in the middle of the neighborhood,an aerial view of the site of the proposed school,an aerial view of a construction site in the middle of a forest,0.46002220731466165,0.5185727544772025,0.48000000000000004,0.608695652173913,0.4331452282864361,0.6090461303795287
tile_0102,a large white building with a green roof,a satellite image of the site of the former fort fort,a large area with houses and trees,0.375,0.0909090909090909,0.39999999999999997,0.1111111111111111,0.20199309249791841,0.0
tile_0103,a black cat is standing in the grass,an aerial view of the site of the former school,an aerial view of the site of the proposed school,0.09735009788392564,0.9,0.11111111111111112,0.9,0.1144676006896003,0.8680942667801238
tile_0104,a bird is perched on a wire,a satellite image of a house in the middle of a green field,oblique oblique oblique oblique oblique oblique oblique oblique oblique oblique oblique oblique oblique oblique oblique oblique oblique oblique oblique oblique oblique,0.0,0.0,0.0,0.0,0.0,0.0
tile_0105,an aerial view of the site of the former military base,a small lake in a field,an aerial view of a large area with a river,0.36363636363636365,0.17113903967753066,0.380952380952381,0.25,0.30351457351635325,0.0
tile_0106,a green plant with white flowers in the middle,a large body of water,an aerial view of the site of the former school,0.09942659075715217,0.07357588823428847,0.10526315789473685,0.13333333333333333,0.10657035539480768,0.15592892548708365
tile_0107,a satellite satellite image of the space shuttle,an aerial view of a road and a lake,an aerial view of the road and the surrounding area,0.19470019576785122,0.596559544542913,0.22222222222222224,0.631578947368421,0.17378935844289214,0.5028442704592633
tile_0108,a close up of a green leaf,a golf course in the middle of a green field,an aerial view of the site of the proposed site,0.09306272250443651,0.2,0.11764705882352941,0.20000000000000004,0.12735952979479354,0.2202881505618297
tile_0109,a green and purple flower with a black background,a satellite image of a lake in the middle of a green field,an aerial view of the site of the proposed site,0.0,0.23076923076923078,0.0,0.2608695652173913,0.0,0.2834289552492495
tile_0110,a white cat is sitting in the grass,a satellite image of the amazon river,a mountain with a small river in the middle,0.3309363384692233,0.32206169703226534,0.35294117647058826,0.375,0.16839750037215276,0.18443191662261305
tile_0111,a white and black object with a green background,a satellite image of a forest,a large area with a lot of trees and a lot of dirt,0.28496906152442425,0.15570161195729887,0.3636363636363637,0.3157894736842105,0.11446760068960028,0.15592892548708365
tile_0112,a green plant with a white flower in the middle,an aerial view of a green field with a lake,an aerial view of the countryside,0.10000000000000002,0.4,0.125,0.5,0.0787446034559451,0.41120705506761873
tile_0113,a white cat with a black nose and a white nose,a satellite image of the amazon river,an aerial view of the site of the proposed site,0.0,0.18612544500887301,0.0,0.23529411764705882,0.0,0.26055567105626243
tile_0114,a man in a suit and tie standing in front of a tree,an aerial view of the site of the proposed site,an aerial view of the site of the proposed site,0.07692307692307693,1.0,0.08695652173913043,1.0,0.07970251181266945,1.0
tile_0115,a green and white background with a white and black pattern,"an aerial view of the city of fort, texas",an aerial view of a small town,0.0909090909090909,0.4444444444444444,0.1111111111111111,0.5,0.0,0.45936277407082354
tile_0116,a black and white photo of a man with a beard,a map of the city of new york,an aerial view of a small town in the democratic democratic democratic democratic democratic democratic democratic democratic democratic democratic democratic democratic,0.07325278573256963,0.07384187820157277,0.125,0.20689655172413796,0.015011816931679432,0.04835902489489647
tile_0117,a large white building with a green roof,a satellite image of the city of new orleans,an aerial view of the town of kiloa,0.0,0.3333333333333333,0.0,0.35294117647058826,0.0,0.3360969272762575
tile_0118,a baseball field with a baseball field in the middle,an aerial view of the castle,an aerial view of the site of the site,0.10000000000000002,0.5054422164271946,0.10526315789473685,0.6666666666666667,0.0827055408387799,0.6096343451166759
tile_0119,a blur of a tree,a satellite image of the site of the proposed site,an aerial view of the site of the proposed development,0.07357588823428847,0.6,0.13333333333333333,0.6,0.18443191662261307,0.6314757681550579
tile_0120,a green and white photo of a house,an aerial view of the site of the former military base,a small town surrounded by trees,0.12500000000000003,0.0,0.14285714285714288,0.0,0.0,0.0
tile_0121,a camouflage cam cam cam cam cam cam cam cam cam cam cam cam cam cam cam cam cam cam cam,an aerial view of the site of the proposed site,an aerial view of the village and surrounding fields,0.0,0.5,0.0,0.5263157894736842,0.0,0.4265307066293535
tile_0122,a small bird is sitting on a tree branch,a satellite image of a field with a small patch of land,oblique oblique oblique oblique oblique oblique oblique oblique oblique oblique oblique oblique oblique oblique oblique oblique oblique oblique oblique oblique oblique,0.0,0.0,0.0,0.0,0.0,0.0
tile_0123,a green emerald gems,an aerial view of the golf course at the golf course,an aerial view of the golf course at the golf club,0.0,0.9090909090909091,0.0,0.9090909090909091,0.0,0.9102105182313398
tile_0124,a close up of a green leaf,an aerial view of the site of the former fort,an aerial view of the village and surrounding area,0.10735389901075512,0.5,0.125,0.5263157894736842,0.08176804146599938,0.47370034025708807
tile_0125,a white and black cat is sitting on a green tree,an aerial view of the site of the fort,oblique oblique oblique oblique oblique oblique oblique oblique oblique oblique oblique oblique oblique oblique oblique oblique oblique oblique oblique oblique oblique,0.0,0.0,0.0,0.0,0.0,0.0
tile_0126,a black and white photo of a man in a suit,an aerial view of a golf course,an aerial view of the site of the proposed site,0.0909090909090909,0.37225089001774603,0.09523809523809525,0.47058823529411764,0.09867961797986957,0.35623391380599695
tile_0127,a black and white cat is looking up at the camera,a green field with a small lake in the middle,an aerial view of the site of the proposed site,0.0909090909090909,0.10000000000000002,0.09523809523809525,0.10000000000000002,0.08768681980142447,0.0986796179798696
tile_0128,a blur of a car driving down a road,a view of a river and a forest,a large lake surrounded by trees,0.11111111111111109,0.12500000000000003,0.13333333333333333,0.14285714285714288,0.0,0.0
tile_0129,a black cat is sitting on a white surface,a large body of water,an aerial view of the site of the proposed gold coast airport,0.0,0.0493193927883213,0.0,0.11764705882352941,0.0,0.14438355527738675
tile_0130,a green and white substance,an aerial view of the river and surrounding farmland,oblique oblique oblique oblique oblique oblique oblique oblique oblique oblique oblique oblique oblique oblique oblique oblique oblique oblique oblique oblique oblique,0.0,0.0,0.0,0.0,0.0,0.0
tile_0131,a blur of a tree in the sky,a satellite image of a river running through a green landscape,a satellite image of the site of the proposed golf course,0.2577334795466146,0.36363636363636365,0.3157894736842105,0.36363636363636365,0.2853061909813609,0.2387281584178664
tile_0132,a close up of a green leaf,an aerial view of the site of the battle of the sommes,oblique oblique oblique oblique oblique oblique oblique oblique oblique oblique oblique oblique oblique oblique oblique oblique oblique oblique oblique oblique oblique,0.0,0.0,0.0,0.0,0.0,0.0
tile_0133,a green leaf with a white background,an aerial view of the village and surrounding area,an aerial view of a farm in the countryside,0.10735389901075512,0.5555555555555556,0.125,0.5555555555555556,0.0,0.42113589132819584
tile_0134,a satellite image of the site of the proposed new school,an aerial view of the site of the former school,an aerial view of a small town,0.18181818181818182,0.4,0.2222222222222222,0.47058823529411764,0.12442854619985262,0.388554144665772
tile_0135,a green leaf with a white stripe,an aerial view of the site of the proposed site,an aerial view of the village and surrounding area,0.0,0.5,0.0,0.5263157894736842,0.0,0.4265307066293535
tile_0136,a green and white background with a small white flower,an aerial view of the golf course at the golf course,an aerial view of the farm and surrounding area,0.10000000000000002,0.45454545454545453,0.10526315789473685,0.5,0.05629715757507138,0.3290103112653675
tile_0137,a green leaf with a white background,a satellite image of a golf course,the site of the proposed site in the hills,0.0,0.10735389901075512,0.0,0.125,0.0,0.05869868646731191
tile_0138,a blur of green leaves,a satellite image of a lake surrounded by trees,oblique oblique oblique oblique oblique oblique oblique oblique oblique oblique oblique oblique oblique oblique oblique oblique oblique oblique oblique oblique oblique,0.0,0.0,0.0,0.0,0.0,0.0
tile_0139,a green emerald gems,an aerial view of the site of the proposed site,oblique oblique oblique oblique oblique oblique oblique oblique oblique oblique oblique oblique oblique oblique oblique oblique oblique oblique oblique oblique oblique,0.0,0.0,0.0,0.0,0.0,0.0
tile_0140,a green leaf with white spots,an aerial view of the green fields and trees,oblique oblique oblique oblique oblique oblique oblique oblique oblique oblique oblique oblique oblique oblique oblique oblique oblique oblique oblique oblique oblique,0.0,0.0,0.0,0.0,0.0,0.0
tile_0141,a close up of a green leaf,an aerial view of the area where the proposed site is located,an aerial view of a green field with a small lake,0.32269606971871956,0.3333333333333333,0.4444444444444444,0.34782608695652173,0.1785662155575748,0.2203207132909401
tile_0142,a green leaf with white spots,an aerial view of the site of the proposed site,an aerial view of the golf course,0.0,0.5,0.0,0.588235294117647,0.0,0.5120824435601949
tile_0143,a green leaf with a white background,a satellite image of a golf course,an aerial view of the golf course at the country club,0.0,0.24202205228903967,0.0,0.33333333333333326,0.0,0.23855344519607372
tile_0144,a cat is looking up at the sky,a green field,a satellite image of a lake,0.12500000000000003,0.12262648039048077,0.14285714285714288,0.2222222222222222,0.0,0.0
tile_0145,a cat is sitting on a chair and looking up,a green area,a satellite image of the golf course at the augusta course,0.09048374180359597,0.023161150407600514,0.09523809523809525,0.14285714285714288,0.0,0.0
tile_0146,a black bear,a green piece of grass,an aerial view of a lake with a small island in the middle,0.011891331115750803,0.08075860719786215,0.125,0.2222222222222222,0.0,0.08340941143953932
tile_0147,a black pen with a white background,a green field,a bird is perched on a wooden post,0.24767939992862334,0.06295853427918728,0.26666666666666666,0.18181818181818182,0.0,0.0
tile_0148,a black and white cat sitting on top of a green chair,a large field with a road and a road,an aerial view of the site of the proposed new airport,0.08333333333333333,0.0,0.08695652173913043,0.0,0.09099068136214805,0.0
tile_0149,a close up of a leaf with a blur,an aerial view of the site of the proposed site,an aerial view of the site of the proposed site,0.09942659075715217,1.0,0.10526315789473685,1.0,0.11521554337793123,1.0
tile_0150,a green tree with a white background,an aerial view of a green field,an aerial view of the village and surrounding fields,0.0,0.4294155960430205,0.0,0.5,0.0,0.3808165329771115
tile_0151,a close up of a green leaf,an aerial view of a green field with a small house,an aerial view of a farm in the countryside,0.21470779802151024,0.45454545454545453,0.25,0.5,0.08704446792504217,0.31125746752705385
tile_0152,a green leaf with a white background,an aerial view of the site of the former fort,an aerial view of the site of the former school,0.0,0.9,0.0,0.9,0.0,0.8680942667801238
tile_0153,a blur of a leaf,an aerial view of the golf course at the golf course,an aerial view of the site of the proposed site,0.07357588823428847,0.5454545454545454,0.13333333333333333,0.5714285714285713,0.1707761131901165,0.3879604638938763
tile_0154,a green leaf with white flowers,an aerial view of a green field with a small house,an aerial view of a farm and fields,0.11942188509563156,0.45454545454545453,0.14285714285714288,0.5263157894736842,0.0,0.3408242166238353
tile_0155,a green leaf with white flowers,a satellite image of a golf course,an aerial view of the golf course at the golf course,0.0,0.24202205228903967,0.0,0.33333333333333326,0.0,0.3808094695456141
tile_0156,a close up of a green leaf,an aerial view of a green field with a river running through it,an aerial view of a farm in the countryside,0.21470779802151024,0.38461538461538464,0.25,0.4545454545454546,0.08704446792504217,0.2746117864358066
tile_0157,a green leaf with a white stripe,an aerial view of a lake and a road,an aerial view of the golf course at the golf club,0.0,0.35588329018524795,0.0,0.39999999999999997,0.0,0.250302046246969
tile_0158,a close up of a green leaf,aerial view of the golf course at the golf club,an aerial view of a golf course,0.2857142857142857,0.5,0.2857142857142857,0.588235294117647,0.10163066979112656,0.5098785552331822
tile_0159,a blur of a tree in the forest,a satellite image of a golf course,an aerial view of the site of the proposed site,0.19470019576785122,0.09306272250443651,0.22222222222222224,0.11764705882352941,0.26055567105626243,0.12735952979479354
tile_0160,a small insect on a leaf,an aerial view of a golf course,an aerial view of a green field with a river and a small lake,0.13179856905786336,0.2627710294081731,0.3,0.4761904761904762,0.08340941143953931,0.33598136377577914
tile_0161,a black and white dog is walking on a leash,an aerial view of the golf course at the golf course,an aerial view of the lake and surrounding area,0.10000000000000002,0.45454545454545453,0.10526315789473685,0.5,0.0633548122219654,0.3290103112653675
tile_0162,"a large, bright, yellow, and black object in the sky",a blury background with a blury pattern,a bird flying in the sky,0.4,0.14285714285714285,0.5,0.15384615384615383,0.2952675553824053,0.0
tile_0163,a large amount of dust in the sky,a blurry background,a fire hydra is in the background,0.375,0.17573142541048448,0.39999999999999997,0.4,0.18443191662261307,0.1757860783933462
tile_0164,a black and white image of a person,a blurry background,a bird flying in the sky,0.12500000000000003,0.12262648039048077,0.14285714285714288,0.2222222222222222,0.0,0.0
tile_0165,a large amount of colored con con con con con con con con con con con con con con con con con con con con con con con,a bird is sitting on a branch,a man is standing on a beach with a surfboard,0.03571428571428572,0.37225089001774603,0.05263157894736841,0.47058823529411764,0.0,0.20613696606828605
tile_0166,a woman with a green dress and a white shirt,a large green field,a large body of water,0.10000000000000002,0.38940039153570244,0.13333333333333333,0.4444444444444445,0.0,0.17077611319011649
tile_0167,a blur of a tree in the night,an aerial view of a green field with a lake,an aerial view of a small village in the middle of the countryside,0.26763071425949514,0.37040911034085894,0.380952380952381,0.4347826086956522,0.35027902738402644,0.2911650526086002
tile_0168,a green emerald gems,an aerial view of the site of the former fort,an aerial view of the site of the proposed site,0.0,0.8,0.0,0.8000000000000002,0.0,0.7900322566465156
tile_0169,a green leaf with a white background,an aerial view of the site of the proposed site,an aerial view of a farm and fields,0.12383969996431167,0.4,0.13333333333333333,0.4444444444444445,0.0,0.31882319724566466
tile_0170,a close up of a green leaf,an aerial view of a green field,an aerial view of the site of the proposed site,0.09306272250443651,0.37225089001774603,0.11764705882352941,0.47058823529411764,0.12735952979479354,0.35623391380599695
tile_0171,a blur of a flower in a green field,an aerial view of a field with a road,an aerial view of the site of the proposed site,0.09942659075715217,0.39770636302860873,0.10526315789473685,0.4210526315789474,0.11521554337793123,0.31882319724566466
tile_0172,a close up of a green and white flower,a green field with a small patch of grass,oblique oblique oblique oblique oblique oblique oblique oblique oblique oblique oblique oblique oblique oblique oblique oblique oblique oblique oblique oblique oblique,0.0,0.0,0.0,0.0,0.0,0.0
tile_0173,a green leaf with white spots,an aerial view of the golf course,aerial view of the valley,0.0,0.5714285714285714,0.0,0.6666666666666666,0.0,0.5193879933129156
tile_0174,a green leaf with a blur effect,an aerial view of the golf course at the golf course,an aerial view of the countryside,0.0,0.45454545454545453,0.0,0.5882352941176471,0.0,0.4474497625772647
tile_0175,a green leaf with a blur effect,an aerial view of a golf course,an aerial view of the farm and surrounding fields,0.0,0.4294155960430205,0.0,0.5,0.0,0.3808165329771115
tile_0176,a close up of a green leaf,an aerial view of the golf course at the golf course,an aerial view of a farm and lake,0.24767939992862334,0.36363636363636365,0.26666666666666666,0.4210526315789474,0.09349477497536716,0.23304831764702297
tile_0177,a green leaf with a white spot,an aerial view of a golf course,an aerial view of the golf course at the golf club,0.0,0.48404410457807934,0.0,0.6666666666666665,0.0,0.6258188344165561
tile_0178,a green background with white and black spots,a satellite image of a green field,an aerial view of the farm and surrounding fields,0.11031211282307446,0.10735389901075512,0.11764705882352941,0.125,0.06804963087832473,0.08176804146599938
tile_0179,a black and white cat is sitting in the grass,a satellite image of a lake surrounded by trees,oblique oblique oblique oblique oblique oblique oblique oblique oblique oblique oblique oblique oblique oblique oblique oblique oblique oblique oblique oblique oblique,0.0,0.0,0.0,0.0,0.0,0.0
tile_0180,a green leaf with a white flower on it,a green field,an aerial view of the golf course at the golf course,0.0,0.0,0.0,0.0,0.0,0.0
tile_0181,a black cat is standing on a white surface,a green piece of moss,a large body of water,0.11111111111111109,0.4,0.14285714285714285,0.4000000000000001,0.0,0.14438355527738672
tile_0182,a black cat sitting on a white surface,a green leaf,a plane flying over a lush green forest,0.25,0.12591706855837456,0.25,0.36363636363636365,0.0,0.1757860783933462
tile_0183,a very large cluster of stars,a blurry background,a purple background with a white and black background,0.10108844328543891,0.09022352215774179,0.13333333333333333,0.3333333333333333,0.0,0.31125746752705385
tile_0184,a black and white dog,a green tree,a large body of water,0.2,0.17113903967753066,0.20000000000000004,0.25,0.0,0.0
tile_0185,a green leaf with a white background,a satellite image of a green forest,a large hill with a forest in the background,0.4294155960430205,0.32206169703226534,0.5,0.375,0.20613696606828605,0.09349477497536716
tile_0186,a green and white diamond,an aerial view of the countryside,an aerial view of a farm in the countryside,0.08986579282344431,0.6065306597126334,0.14285714285714285,0.8,0.0,0.7765145304745155
tile_0187,a white and black cat,a satellite image of a golf course,an aerial view of the countryside,0.0,0.14285714285714285,0.0,0.15384615384615383,0.0,0.10163066979112656
tile_0188,a green leaf with a white line on it,a satellite image of a field with a road,an aerial view of the site of the proposed site,0.0,0.09942659075715217,0.0,0.10526315789473685,0.0,0.11521554337793123
tile_0189,a black and white cat is sitting on a tree,an aerial view of the golf course at the golf course,the site of the proposed gold mine in the kimberley,0.0,0.2727272727272727,0.0,0.28571428571428564,0.0,0.27949974008803935
tile_0190,a bird is flying through the trees,a satellite image of a golf course,oblique oblique oblique oblique oblique oblique oblique oblique oblique oblique oblique oblique oblique oblique oblique oblique oblique oblique oblique oblique oblique,0.0,0.0,0.0,0.0,0.0,0.0
tile_0191,a green leaf with a white stripe,an aerial view of a green field with a road,an aerial view of the countryside,0.0,0.4,0.0,0.5,0.0,0.41120705506761873
tile_0192,a green leaf with a white spot,an aerial view of a golf course,an aerial view of the farm and surrounding fields,0.0,0.4294155960430205,0.0,0.5,0.0,0.3808165329771115
tile_0193,a blur of a person in a green shirt,an aerial view of a farm and field,an aerial view of the farm and surrounding fields,0.11111111111111109,0.6618726769384466,0.1111111111111111,0.7058823529411765,0.07397129483465995,0.615218690896332
tile_0194,a green leaf with white spots,an aerial view of the site of the proposed site,an aerial view of the farm and surrounding fields,0.0,0.5,0.0,0.5263157894736842,0.0,0.4265307066293535
tile_0195,a green background with a blur effect,a satellite image of the golf course at the augusta course,an aerial view of a farm and a small town,0.18612544500887301,0.18181818181818182,0.23529411764705882,0.1904761904761905,0.0,0.05027837469914857
tile_0196,a green background with a small white dot,a satellite image of a green field,an aerial view of the golf course at the course,0.0,0.09306272250443651,0.0,0.11764705882352941,0.0,0.0648911121832301
tile_0197,a close up of a green leaf,a satellite image of a golf course,oblique oblique oblique oblique oblique oblique oblique oblique oblique oblique oblique oblique oblique oblique oblique oblique oblique oblique oblique oblique oblique,0.0,0.0,0.0,0.0,0.0,0.0
tile_0198,a black and white dog,a green leaf,an aerial view of the island,0.0,0.0,0.0,0.0,0.0,0.0
tile_0199,a black and white photo of a man in a suit,a green tree,the green lake in the middle of the forest,0.18181818181818182,0.045111761078870896,0.19999999999999998,0.16666666666666666,0.10214007428645529,0.10830156041911583
tile_0200,a man in a green shirt and black pants,a large field,an aerial view of the amazon river in the amazon rainforest,0.08897082254631197,0.0,0.09999999999999999,0.0,0.052109535570466194,0.0
tile_0201,a black cat is sitting on a white surface,a green leaf,a green leaf with a white stripe,0.3333333333333333,0.2635971381157267,0.375,0.6,0.09349477497536716,0.5023287782256719
tile_0202,a green toy car with a pink top,a satellite image of a green field,an aerial view of the site of the battle of britain,0.0,0.08067401742967989,0.0,0.1111111111111111,0.0,0.1875209628231685
tile_0203,a green leaf with a white background,a satellite image of the site of the proposed site,aerial view of the road leading to the village of the old castle,0.0,0.2963272882726872,0.0,0.34782608695652173,0.0,0.398825998901695
tile_0204,a green leaf with a white background,a satellite image of the golf course at the golf course,aerial view of the river and the surrounding area,0.0,0.2727272727272727,0.0,0.3,0.0,0.23558944307800445
tile_0205,a bird is sitting on a branch,a satellite image of a green field with a road,oblique oblique oblique oblique oblique oblique oblique oblique oblique oblique oblique oblique oblique oblique oblique oblique oblique oblique oblique oblique oblique,0.0,0.0,0.0,0.0,0.0,0.0
tile_0206,a green gems with a white center,an aerial view of the site of the site of the first battle,an aerial view of the village and surrounding fields,0.0,0.38461538461538464,0.0,0.4545454545454546,0.0,0.4371640378563157
tile_0207,a blur of green leaves,an aerial view of a farm and a field,a large field with a large building in the middle,0.07357588823428847,0.2982797722714565,0.13333333333333333,0.3157894736842105,0.0,0.06437099366532754
tile_0208,a blur of a tree in the forest,an aerial view of the golf course at the golf course,an aerial view of a green field with trees,0.22062422564614886,0.36363636363636365,0.23529411764705882,0.39999999999999997,0.07874460345594508,0.21283120630571967
tile_0209,a small bird perched on a branch of a tree,a satellite image of the golf course at the golf course,an aerial view of the village and surrounding countryside,0.10000000000000002,0.18181818181818182,0.10526315789473685,0.19999999999999998,0.06804963087832473,0.14585756144590012
tile_0210,a green leaf with a white background,an aerial view of the golf course at the golf course,an aerial view of the golf course,0.0,0.6363636363636364,0.0,0.7777777777777778,0.0,0.8914818747827301
tile_0211,a white cat is sitting on a green chair,an aerial view of a large field with a lake,an aerial view of a farm and fields,0.11111111111111109,0.5,0.11764705882352941,0.5555555555555556,0.0,0.368023208756115
tile_0212,a green leaf with a white background,an aerial view of the golf course,an aerial view of a green field with a small house,0.32269606971871956,0.32269606971871956,0.4444444444444444,0.4444444444444444,0.17856621555757482,0.3408242166238353
tile_0213,a white bird sitting on top of a tree,an aerial view of a large green field,an aerial view of a large green field,0.2222222222222222,1.0,0.23529411764705882,1.0,0.07780894359285004,1.0000000000000004
tile_0214,a green leaf with white spots,a green area with a river and trees,aerial view of a golf course in the forest,0.10108844328543891,0.11031211282307446,0.13333333333333333,0.11764705882352941,0.0,0.0
tile_0215,a close up of a green leaf,a satellite image of a golf course,an aerial view of the lake and surrounding area,0.10735389901075512,0.10735389901075512,0.125,0.125,0.08176804146599938,0.08176804146599938
tile_0216,a black and white dog with a green background,a green area with a small patch of land,an aerial view of the island,0.0,0.11111111111111109,0.0,0.13333333333333333,0.0,0.0845798608014702
tile_0217,a bunch of pink flowers on a white background,an aerial view of a green area with trees,a river in the middle of a forest,0.3333333333333333,0.2222222222222222,0.35294117647058826,0.23529411764705882,0.0845798608014702,0.0787446034559451
tile_0218,a black and white cat sitting on a tree branch,a small island in the middle of a body of water,an island in the middle of the ocean,0.0,0.45454545454545453,0.0,0.5263157894736842,0.0,0.5426113511847571
tile_0219,a black dog with a pink collar,a green leaf,an aerial view of the island,0.0,0.0,0.0,0.0,0.0,0.0
tile_0220,a white cloud with a red and green background,a green field with a white sky in the background,an aerial view of the land in the area,0.0,0.2,0.0,0.2105263157894737,0.0,0.1963538799734189
tile_0221,a blur of a tree in the forest,a satellite image of a lake surrounded by trees,an aerial view of a green field with a lake,0.2920502936517768,0.39770636302860873,0.33333333333333326,0.4210526315789474,0.07874460345594508,0.15592892548708362
tile_0222,a bird is sitting on a leaf in the forest,a satellite image of a road through a green field,an aerial view of the countryside,0.10000000000000002,0.10000000000000002,0.125,0.125,0.0787446034559451,0.0845798608014702
tile_0223,a green leaf with a blur effect,an aerial view of a green field with a river,an aerial view of a road in the countryside,0.10735389901075512,0.5,0.125,0.5263157894736842,0.0,0.33609692727625756
tile_0224,a man in a suit and tie is walking down the street,a large body of water,a large body of water,0.08333333333333333,1.0,0.11764705882352941,1.0,0.0,1.0
tile_0225,a green leaf with a blur effect,an aerial view of a golf course,an aerial view of a farm in the countryside,0.10735389901075512,0.5367694950537757,0.125,0.6250000000000001,0.0,0.41120705506761873
tile_0226,a green leaf with white flowers,an aerial view of a green field with trees,an aerial view of the countryside,0.0,0.4444444444444444,0.0,0.5333333333333333,0.0,0.41120705506761873
tile_0227,a close up of a green leaf,an aerial view of a golf course,an aerial view of a farm and fields,0.24767939992862334,0.6191984998215584,0.26666666666666666,0.6666666666666666,0.09349477497536716,0.45026814465562653
tile_0228,a green and white background with a small white flower,an aerial view of the golf course at the golf course,an aerial view of a farm and a field,0.3,0.36363636363636365,0.3157894736842105,0.39999999999999997,0.06437099366532754,0.23304831764702297
tile_0229,a green and white background with a small white flower,an aerial view of the green fields and trees,an aerial view of the farm and surrounding fields,0.10000000000000002,0.7777777777777778,0.10526315789473685,0.7777777777777778,0.05629715757507138,0.6392306240536285
tile_0230,a blur of a leaf,an aerial view of a golf course,an aerial view of a farm and a small village,0.2207276647028654,0.46531361252218256,0.4,0.588235294117647,0.11671773546032795,0.41120705506761873
tile_0231,a blur of a tree,a satellite image of a green forest,aerial view of the golf course at the golf course at the golf course,0.03305977764431731,0.05255420588163462,0.10526315789473682,0.09523809523809523,0.05524402556623145,0.04119928126162543
tile_0232,a black and white photo of a man in a suit,a green forest with a river running through it,a large green field with a small river,0.18181818181818182,0.5555555555555556,0.2105263157894737,0.5882352941176471,0.0,0.3041257418754935
tile_0233,a green leaf with white spots,an aerial view of the golf course at the golf course,an aerial view of the site of the proposed site,0.0,0.5454545454545454,0.0,0.5714285714285713,0.0,0.3879604638938763
tile_0234,a green and white flower with a white background,an aerial view of the golf course at the golf course,an aerial view of the golf course at the golf club,0.0,0.9090909090909091,0.0,0.9090909090909091,0.0,0.9102105182313398
tile_0235,a bunch of flowers,a green leaf,a large body of water,0.38940039153570244,0.17113903967753066,0.4444444444444445,0.25,0.17077611319011649,0.0
tile_0236,a black cat is sitting on a white surface,a piece of broccote,a small island in the middle of a lake,0.2222222222222222,0.14325239843009505,0.2222222222222222,0.30769230769230765,0.0,0.12536693798731732
tile_0237,a bunch of green leaves floating in the air,a green area,a large body of water,0.2222222222222222,0.17113903967753066,0.2857142857142857,0.25,0.09867961797986956,0.0
tile_0238,a tree with green leaves in the fore,a satellite image of a green field,an aerial view of a golf course,0.12500000000000003,0.2857142857142857,0.13333333333333333,0.2857142857142857,0.0,0.10163066979112656
tile_0239,a green plant with white flowers in the background,a satellite image of the site of the proposed site,an aerial view of the countryside,0.11111111111111109,0.2,0.13333333333333333,0.25,0.0787446034559451,0.2720902584969815
tile_0240,a green leaf with a white flower on it,a satellite image of a golf course,an aerial view of a farm and a road,0.2222222222222222,0.32206169703226534,0.2222222222222222,0.375,0.0,0.09349477497536716
tile_0241,a blur of leaves,an aerial view of a golf course,an aerial view of a green field with a road,0.11156508007421491,0.46531361252218256,0.28571428571428575,0.588235294117647,0.11671773546032795,0.41120705506761873
tile_0242,a close up of a green leaf,a green field with trees and water,a large area with a river and trees,0.24767939992862334,0.4953587998572467,0.26666666666666666,0.5333333333333333,0.0,0.3360969272762574
tile_0243,a green gems stone,an aerial view of the site of the former fort,an aerial view of a farm in the hills,0.07162619921504752,0.5,0.15384615384615383,0.5263157894736842,0.0,0.5147429270236511
tile_0244,a green and white background with a small white dot,an aerial view of the golf course at the golf club,an aerial view of a farm in the countryside,0.10000000000000002,0.45454545454545453,0.10526315789473685,0.5,0.0,0.3885263357966653
tile_0245,a green leaf with white spots,a satellite image of a golf course,an aerial view of the river and surrounding farmland,0.0,0.10735389901075512,0.0,0.125,0.0,0.08176804146599938
tile_0246,a green background with a blur of leaves,a satellite image of a golf course,an aerial view of the countryside,0.12500000000000003,0.14285714285714285,0.14285714285714288,0.15384615384615383,0.09193998174078082,0.10163066979112656
tile_0247,a green background with a white background,a satellite image of the golf course,an aerial view of a farm in the middle of the country,0.06993452279385044,0.20980356838155134,0.10526315789473685,0.3157894736842105,0.0,0.2720902584969815
tile_0248,a blur of a tree in the forest,a green field with a small pond in the middle,an aerial view of a green valley,0.25,0.2,0.26666666666666666,0.23529411764705882,0.09193998174078082,0.07874460345594508
tile_0249,a blur of green leaves,an aerial view of the golf course at the golf course,an aerial view of the village of the village of the village of the village of the village of the village,0.008152440795673243,0.21975835719770886,0.07692307692307693,0.37499999999999994,0.16800583191442556,0.3421778496540233
tile_0250,a blur of a tree in the forest,a satellite image of a green area with a river and a forest,an aerial view of the golf course at the course,0.19470019576785122,0.07692307692307693,0.22222222222222224,0.08695652173913043,0.19976381413756955,0.04723062045463176
tile_0251,a green tree in the middle of a field,an aerial view of the park,a large mountain with a small town in the middle,0.49713295378576094,0.08556951983876535,0.5263157894736842,0.125,0.2532094495161745,0.07874460345594508
tile_0252,a close up of a green leaf,an aerial view of a green field with a river,an aerial view of the golf course at the golf club,0.08067401742967989,0.36193496721438384,0.1111111111111111,0.380952380952381,0.06261451546913585,0.22858816137955915
tile_0253,a group of black and white butterflies flying in the sky,a green leaf,a satellite image of a small island in the middle of a lake,0.30318287930006566,0.011891331115750803,0.33333333333333337,0.125,0.2307858051498197,0.0
tile_0254,a vase with flowers in it,a satellite image of a green island,a large body of water,0.16666666666666669,0.2857142857142857,0.1818181818181818,0.3333333333333333,0.0,0.1273595297947935
tile_0255,a green plant with a white background,a satellite image of a green field,a large body of water,0.14285714285714285,0.2857142857142857,0.16666666666666666,0.3333333333333333,0.0,0.1273595297947935
tile_0256,a white and black cat is looking up at the camera,a green leaf,a large body of water with a small island in the middle,0.16601831205132045,0.016595689455954646,0.17391304347826086,0.13333333333333333,0.05325383733705391,0.0
tile_0257,a blur of a tree in the sky,an aerial view of a green field with a river,an aerial view of the countryside,0.25,0.4,0.28571428571428575,0.5,0.20199309249791841,0.41120705506761873
tile_0258,a green leaf with white spots,an aerial view of the village of the village of the village of the village of the village of the village,an aerial view of a village in the mountains,0.10108844328543891,0.2857142857142857,0.13333333333333333,0.4,0.0,0.6318758643254954
tile_0259,a blur of a green leaf,an aerial view of a green field with trees,aerial view of the countryside,0.16666666666666669,0.3333333333333333,0.1818181818181818,0.42857142857142855,0.1273595297947935,0.317107466580271
tile_0260,a green and white flower with a white flower in the middle,a golf course with a green field and trees,an aerial view of the golf course at the golf club,0.08333333333333333,0.17794164509262397,0.08695652173913043,0.19999999999999998,0.07633682625260854,0.17496747892731795
tile_0261,a green leaf with a white background,an aerial view of the river and surrounding farmland,oblique oblique oblique oblique oblique oblique oblique oblique oblique oblique oblique oblique oblique oblique oblique oblique oblique oblique oblique oblique oblique,0.0,0.0,0.0,0.0,0.0,0.0
tile_0262,a green leaf with white spots,a satellite image of a golf course,an aerial view of a green field with trees,0.3032653298563167,0.21470779802151024,0.4,0.25,0.19087406613020352,0.08704446792504217
tile_0263,a green and white background with a small bird,a green field with a river running through it,aerial view of the countryside in the french countryside,0.0,0.0,0.0,0.0,0.0,0.0
tile_0264,a bird is sitting on a branch of a tree,an aerial view of a green field with a river,aerial view of the countryside,0.10000000000000002,0.3,0.13333333333333333,0.4,0.09349477497536716,0.317107466580271
tile_0265,a close up of a green leaf,aerial view of the golf course at the golf course at the golf course,an aerial view of a green field with trees,0.32206169703226534,0.21428571428571425,0.375,0.2608695652173913,0.1908740661302035,0.10431163602219433
tile_0266,a blur of a tree in the forest,a green field with a small lake in the middle,aerial view of the valley and surrounding hills of the valley of the river,0.11809163818525367,0.06703200460356394,0.18181818181818182,0.08333333333333333,0.3103322622221813,0.11421343755714382
tile_0267,a tree with green leaves in the background,a satellite image of a green field with a road,an aerial view of a green valley,0.25,0.3,0.26666666666666666,0.3529411764705882,0.0845798608014702,0.18443191662261307
tile_0268,a green background with a white and black pattern,a green and white surface with a small patch of water,a large mountain with a forest in the background,0.4444444444444444,0.2727272727272727,0.4444444444444444,0.3,0.16839750037215276,0.06804963087832473
tile_0269,a blur of a leaf,a satellite image of the golf course at the golf course,aerial view of the valley of the river,0.10976232721880529,0.2727272727272727,0.15384615384615385,0.3157894736842105,0.20199309249791833,0.29103552204645605
tile_0270,a black and white dog sitting on top of a green leaf,an aerial view of a green field and a lake,an aerial view of a green valley and a river,0.4166666666666667,0.8,0.45454545454545453,0.8000000000000002,0.2038037084651848,0.6029748160380571
tile_0271,a green and white diamond,a green field,a large body of water,0.2,0.17113903967753066,0.20000000000000004,0.25,0.0,0.0
tile_0272,a green plant with a white background,a green field,an aerial view of the golf course at the golf course,0.0,0.0,0.0,0.0,0.0,0.0
tile_0273,a close up of a green leaf,an aerial view of the green fields and trees,aerial view of the countryside,0.14285714285714285,0.4444444444444444,0.16666666666666666,0.5714285714285714,0.11234277891542777,0.4392749903163555
tile_0274,a green leaf with pink flowers in the background,a satellite image of a lake and a forest,an aerial view of a green field with a lake,0.2982797722714565,0.39770636302860873,0.3157894736842105,0.4210526315789474,0.14438355527738672,0.17077611319011654
tile_0275,a green background with small white dots,an aerial view of a green field,an aerial view of the countryside,0.0,0.5714285714285714,0.0,0.6153846153846153,0.0,0.5031026124151314
tile_0276,a small bird sitting on top of a green leaf,a satellite image of a golf course,aerial view of the countryside,0.10000000000000002,0.14285714285714285,0.13333333333333333,0.16666666666666666,0.08704446792504218,0.11234277891542777
tile_0277,a green leaf with white flowers,an aerial view of a golf course,an aerial view of the countryside,0.0,0.5714285714285714,0.0,0.6153846153846153,0.0,0.5031026124151314
tile_0278,a green and white camouflage cam cam cam,an aerial view of a golf course,an aerial view of a farm in the countryside,0.11031211282307446,0.5367694950537757,0.11764705882352941,0.6250000000000001,0.0,0.41120705506761873
tile_0279,a close up of a green leaf,an aerial view of a green field,an aerial view of the countryside,0.14285714285714285,0.5714285714285714,0.15384615384615383,0.6153846153846153,0.10163066979112656,0.5031026124151314
tile_0280,a green and white flower with a black center,a satellite image of a green field,an aerial view of a green field with a small house in the middle,0.25500152032774787,0.2627710294081731,0.34782608695652173,0.4761904761904762,0.12442854619985261,0.24963549414381242
tile_0281,a green background with lots of small leaves,a satellite image of a green field,an aerial view of a green valley,0.375,0.42857142857142855,0.39999999999999997,0.42857142857142855,0.18443191662261307,0.22576484600261607
tile_0282,a green leaf with a white background,an aerial view of a golf course,an aerial view of a green field with trees,0.32206169703226534,0.5367694950537757,0.375,0.6250000000000001,0.19087406613020352,0.41120705506761873
tile_0283,a green background with a white flower,an aerial view of a green field,an aerial view of the golf course at the golf club,0.0,0.32269606971871956,0.0,0.4444444444444444,0.0,0.2796724903912866
tile_0284,a green leaf with white flowers,a satellite image of a golf course,a view of the valley from the air,0.11942188509563156,0.24767939992862334,0.14285714285714288,0.26666666666666666,0.0,0.08176804146599938
tile_0285,a green plant with white flowers,an aerial view of a green field with a small lake,an aerial view of a green valley with a small lake,0.21729910425353913,0.9090909090909091,0.3529411764705882,0.9090909090909091,0.17856621555757482,0.8019783064439235
tile_0286,a blur of a tree in the forest,a green area with a small lake in the middle,aerial view of the valley of the river,0.25,0.10000000000000002,0.25,0.11111111111111112,0.3187840217537793,0.11671773546032797
tile_0287,a green leaf with a white background,a golf course in the woods,an aerial view of the village of the village of the village of the village of the village of the village,0.0,0.013680833103983134,0.0,0.07407407407407407,0.0,0.14819654298092746
tile_0288,a blur of a tree,an aerial view of a green field with a road,an aerial view of the site of the proposed site,0.07357588823428847,0.4,0.13333333333333333,0.4000000000000001,0.1707761131901165,0.2911650526086002
tile_0289,a white plate with a bunch of black and white flowers,a green leaf,a satellite image of the island,0.18181818181818182,0.12262648039048077,0.23529411764705885,0.2222222222222222,0.07357474610589511,0.0
tile_0290,a white apple sitting on top of a pile of green leaves,a lake surrounded by green grass and trees,a large green lake surrounded by trees,0.16666666666666669,0.75,0.2105263157894737,0.7999999999999999,0.06360120575671213,0.6327904583679945
tile_0291,a close up of a green leaf,aerial view of the golf course at the golf course,an aerial view of a farm in the countryside,0.21470779802151024,0.4,0.25,0.4210526315789474,0.08704446792504217,0.2911650526086002
tile_0292,a bird sitting on a branch in the woods,an aerial view of a green field with a road,an aerial view of the farm and surrounding fields,0.11111111111111109,0.4,0.1111111111111111,0.4210526315789474,0.06804963087832473,0.31125746752705385
tile_0293,a green leaf with white flowers,an aerial view of a green field,an aerial view of a farm and fields,0.11942188509563156,0.6191984998215584,0.14285714285714288,0.6666666666666666,0.0,0.45026814465562653
tile_0294,a blur of green leaves,a satellite image of a green field,a satellite image of a golf course,0.26812801841425576,0.7142857142857143,0.3333333333333333,0.7142857142857143,0.1273595297947935,0.43161341897075145
tile_0295,a bird is sitting on a branch of a tree,an aerial view of a golf course,an aerial view of the countryside,0.10000000000000002,0.5714285714285714,0.125,0.6153846153846153,0.0845798608014702,0.5031026124151314
tile_0296,a green leaf with a white background,an aerial view of the green fields and trees,an aerial view of the countryside,0.0,0.5555555555555556,0.0,0.6666666666666667,0.0,0.5270724758293459
tile_0297,a close up of green leaves,an aerial view of a green field,an aerial view of the land in the middle of the country,0.0613132401952404,0.27973809117540177,0.1111111111111111,0.4210526315789474,0.11234277891542778,0.3101928630244898
tile_0298,a green background with white flowers,a satellite image of a green field,aerial view of the forest,0.0,0.14285714285714285,0.0,0.16666666666666666,0.0,0.11234277891542777
tile_0299,a green leaf with white spots,an aerial view of a green field,an aerial view of a green field with trees,0.3032653298563167,0.7514772930752859,0.4,0.8750000000000001,0.19087406613020352,0.7765145304745155
tile_0300,a green leaf with white flowers in the background,a satellite image of a golf course,an aerial view of a green valley,0.2222222222222222,0.2857142857142857,0.25,0.2857142857142857,0.07874460345594508,0.10163066979112656
tile_0301,a bunch of green leaves,a green field with a small lake in the middle,aerial view of the countryside,0.2,0.10000000000000002,0.20000000000000004,0.13333333333333333,0.1273595297947935,0.08704446792504218
tile_0302,a green background with leaves,a golf course in the woods,an aerial view of a green valley,0.26812801841425576,0.141080287481769,0.3333333333333333,0.15384615384615383,0.11521554337793122,0.0
tile_0303,a green plant with white flowers in the background,a golf course in the woods,an aerial view of the countryside,0.11111111111111109,0.16666666666666669,0.13333333333333333,0.16666666666666666,0.0787446034559451,0.10163066979112657
tile_0304,a blur of a tree in the forest,an aerial view of a green field and a river,an aerial view of the amazon rainforest,0.25,0.4,0.26666666666666666,0.47058823529411764,0.18443191662261307,0.368023208756115
tile_0305,a white flower with a green stem,a satellite image of a green area with a small patch of land,an aerial view of the site of the proposed site,0.0,0.15384615384615385,0.0,0.17391304347826086,0.0,0.1707761131901165
tile_0306,a blur of a tree,a green field,an aerial view of the lake and surrounding land,0.08986579282344431,0.0,0.14285714285714285,0.0,0.10964258683453854,0.0
tile_0307,a white flower with green leaves on it,a green leaf with a black spot,a satellite image of the lake,0.12500000000000003,0.14285714285714285,0.14285714285714288,0.15384615384615383,0.0,0.0
tile_0308,a green leaf with a white background,aerial view of the golf course at the golf course,an aerial view of a green field,0.2857142857142857,0.3,0.2857142857142857,0.3529411764705882,0.10163066979112656,0.18750311496760091
tile_0309,a green leaf with a white background,an aerial view of a green field,an aerial view of the countryside,0.0,0.5714285714285714,0.0,0.6153846153846153,0.0,0.5031026124151314
tile_0310,a green leaf with white flowers in the background,a satellite image of a golf course,an aerial view of a farm in the countryside,0.3333333333333333,0.21470779802151024,0.3333333333333333,0.25,0.14438355527738672,0.08704446792504217
tile_0311,a green leaf with a white background,an aerial view of the green fields and trees,an aerial view of a green field with a small house,0.32269606971871956,0.44485411273156,0.4444444444444444,0.5,0.17856621555757482,0.387556981443423
tile_0312,green glitter,a satellite image of a golf course,an aerial view of a golf course,0.0,0.5714285714285714,0.0,0.5714285714285714,0.0,0.38087260847594373
tile_0313,a close up of a green plant with leaves,an aerial view of the green fields and trees,an aerial view of the countryside,0.11111111111111109,0.5555555555555556,0.13333333333333333,0.6666666666666667,0.0845798608014702,0.5270724758293459
tile_0314,a green leaf with a white background,an aerial view of a green field with a river running through it,an aerial view of a farm in the countryside,0.10735389901075512,0.38461538461538464,0.125,0.4545454545454546,0.0,0.2746117864358066
tile_0315,a close up of a green leaf,an aerial view of a green field with a river,an aerial view of a farm and fields,0.24767939992862334,0.5,0.26666666666666666,0.5555555555555556,0.09349477497536716,0.368023208756115
tile_0316,a green leaf with white spots,a green forest with a river running through it,an aerial view of a forest with a mountain in the background,0.12262648039048077,0.31845836025501745,0.2222222222222222,0.380952380952381,0.07734781234369076,0.1375436045558623
tile_0317,a close up of a green leaf,a green field with a road and trees,an aerial view of a farm in the countryside,0.21470779802151024,0.11031211282307446,0.25,0.11764705882352941,0.08704446792504217,0.0
tile_0318,a green leaf with a white spot,an aerial view of the golf course at the golf course,an aerial view of a green valley with a road,0.37225089001774603,0.36363636363636365,0.47058823529411764,0.380952380952381,0.19087406613020352,0.21283120630571967
tile_0319,a green leaf with white spots,a green field with a river running through it,aerial view of the golf course at the golf course,0.0,0.0,0.0,0.0,0.0,0.0
tile_0320,a green leaf with white flowers in the background,a satellite image of a green forest,an aerial view of the forest and river,0.11111111111111109,0.24767939992862334,0.11764705882352941,0.26666666666666666,0.06744304769296748,0.1908740661302035
tile_0321,a green leaf with white flowers in the background,an aerial view of the golf course at the golf course,an aerial view of a green valley,0.2222222222222222,0.36363636363636365,0.25,0.4444444444444444,0.07874460345594508,0.26039420913696104
tile_0322,a close up of a leaf with a white background,a satellite image of a golf course,a road in the middle of a forest,0.3,0.37151909989293497,0.33333333333333326,0.39999999999999997,0.0845798608014702,0.10163066979112656
tile_0323,a green tree with white flowers,a green field with a white flower,a large mountain with a forest in the background,0.2021768865708778,0.32206169703226534,0.26666666666666666,0.375,0.09349477497536716,0.09349477497536716
tile_0324,a blur of a person,a satellite image of a green field,an aerial view of the golf course at the golf club,0.060238842382440407,0.08067401742967989,0.12500000000000003,0.1111111111111111,0.08395966598126195,0.06261451546913585
tile_0325,a man in a suit and tie is standing in front of a tree,a plane flying over a lush green field,an aerial view of the golf course at the golf course,0.07142857142857141,0.0,0.08,0.0,0.035234838487393394,0.0
tile_0326,a close up of a green leaf,a satellite image of a green field with a house in the middle,an aerial view of a green field with trees,0.32206169703226534,0.38461538461538464,0.375,0.4545454545454546,0.1908740661302035,0.2912194185636897
tile_0327,a green background with small leaves,a green field with a small patch of land,aerial view of the countryside,0.0,0.11111111111111109,0.0,0.14285714285714285,0.0,0.09349477497536716
tile_0328,a white flower in the middle of a green field,an aerial view of the site of the proposed site,an aerial view of a farm and fields,0.2,0.4,0.22222222222222224,0.4444444444444445,0.07244081925041987,0.31882319724566466
tile_0329,a green plant with white flowers,an aerial view of the area where the site of the proposed site is located,an aerial view of a farm and fields,0.11942188509563156,0.26666666666666666,0.14285714285714288,0.3478260869565218,0.0,0.24327789647094158
tile_0330,a close up of a green leaf,an aerial view of a green field with a river running through it,aerial view of the countryside,0.14285714285714285,0.23076923076923078,0.16666666666666666,0.33333333333333337,0.11234277891542777,0.26242093626195995
tile_0331,a bunch of green leaves,aerial view of the green fields,aerial view of the fields,0.2,0.8333333333333334,0.20000000000000004,0.9090909090909091,0.1273595297947935,0.8466473536503037
tile_0332,a close up of a green leaf,an aerial view of a golf course,an aerial view of a green valley,0.42857142857142855,0.7142857142857143,0.42857142857142855,0.7142857142857143,0.22576484600261607,0.5031026124151314
tile_0333,a green leaf with white spots,aerial view of golf course,aerial view of the countryside,0.0,0.6,0.0,0.6,0.0,0.43161341897075145
tile_0334,a close up of a green leaf,an aerial view of a golf course,aerial view of a farm in the countryside,0.24767939992862334,0.4953587998572467,0.26666666666666666,0.5333333333333333,0.09349477497536716,0.3041257418754935
tile_0335,a close up of a green leaf,an aerial view of a green field,aerial view of the farm,0.14285714285714285,0.42857142857142855,0.16666666666666666,0.5,0.11234277891542777,0.38087260847594373
tile_0336,a green plant with a white flower,a satellite image of a golf course,aerial view of the countryside,0.0,0.14285714285714285,0.0,0.16666666666666666,0.0,0.11234277891542777
tile_0337,a green gems stone,an aerial view of the site of the proposed site,an aerial view of a rural area,0.11809163818525367,0.4,0.18181818181818182,0.47058823529411764,0.0,0.35623391380599695
tile_0338,a green cam cam cam cam cam cam cam cam cam cam cam cam cam cam cam cam cam cam cam,a satellite image of the golf course at the golf course,"aerial view of the valley of the river in the valley of the river in the douro, douro, douro, portugal photo",0.0,0.10987917859885443,0.0,0.18749999999999997,0.0,0.27536913367668236
tile_0339,a green emerald gems,an aerial view of the green fields and trees,a view of a valley with a small village in the middle of the valley,0.015981965301676893,0.17113903967753066,0.10526315789473685,0.25,0.0,0.2507198113720278
tile_0340,a green background with white flowers,a green forest with a small patch of land,a mountain with a road going through it,0.23884377019126307,0.3333333333333333,0.28571428571428575,0.35294117647058826,0.10163066979112656,0.0845798608014702
tile_0341,a green leaf with a white flower,a green forest with a road and trees,a view of the mountains and valleys of the valley,0.09306272250443651,0.19470019576785122,0.11764705882352941,0.22222222222222224,0.0,0.061005457719230355
tile_0342,a green leaf with white spots,an aerial view of a green field with trees,an aerial view of the countryside,0.0,0.4444444444444444,0.0,0.5333333333333333,0.0,0.41120705506761873
tile_0343,a green tree with a white stripe on it,an aerial view of the site of the former military base,an aerial view of the golf course at the course,0.0,0.5454545454545454,0.0,0.5714285714285713,0.0,0.4646161325070902
tile_0344,a leaf with a white line on it,a satellite image of a green field,a view of a green valley with trees,0.375,0.4953587998572467,0.375,0.5333333333333333,0.09193998174078082,0.22576484600261607
tile_0345,a close up of a green leaf,aerial view of the river,an aerial view of a green field,0.42857142857142855,0.40219202762138356,0.42857142857142855,0.5,0.22576484600261607,0.38087260847594373
tile_0346,a green leaf with a white background,an aerial view of the golf course at the golf course,an aerial view of a rural area,0.14285714285714285,0.36363636363636365,0.14285714285714285,0.4444444444444444,0.0,0.26039420913696104
tile_0347,a close up of a green leaf,an aerial view of a green field with trees,aerial view of the golf course at the golf course,0.09306272250443651,0.2982797722714565,0.11764705882352941,0.3157894736842105,0.06056186021915365,0.15611161433007245
tile_0348,a green leaf with a blur of the leaves,a green field with a river running through it,aerial view of the green hills and fields of the valley of the river,0.1912511402458109,0.12750076016387393,0.2608695652173913,0.17391304347826086,0.37003310021021085,0.08256277922332275
tile_0349,a green leaf with white spots,a green golf course with a hole in the middle,aerial view of the golf course at the golf course at the golf course,0.0,0.20109601381069178,0.0,0.25,0.0,0.39252327781545904
tile_0350,a green and white background with small leaves,aerial view of the countryside,aerial view of the countryside,0.0,1.0,0.0,1.0,0.0,1.0000000000000002
tile_0351,a close up of a green leaf,an aerial view of a green field with a road,an aerial view of a green field with a small lake,0.32269606971871956,0.8143536762323635,0.4444444444444444,0.8571428571428572,0.1785662155575748,0.7060777744337089
tile_0352,a close up of a green leaf,an aerial view of a golf course,an aerial view of a green field with a small pond,0.32269606971871956,0.4033700871483995,0.4444444444444444,0.5555555555555556,0.1785662155575748,0.3808165329771115
tile_0353,a green background with a blur effect,a satellite image of a golf course,an aerial view of a farm in the countryside,0.10735389901075512,0.21470779802151024,0.125,0.25,0.0,0.08704446792504217
tile_0354,a green and white background with a small bird,an aerial view of a green field,an aerial view of the countryside,0.0,0.5714285714285714,0.0,0.6153846153846153,0.0,0.5031026124151314
tile_0355,a blur of a person walking on a path,a large field with a small pond in the middle,an aerial view of the site of the former house,0.09942659075715217,0.10000000000000002,0.10526315789473685,0.10000000000000002,0.12442854619985262,0.10657035539480768
tile_0356,a camouflage cam cam cam cam cam cam cam cam cam cam cam cam cam cam cam cam cam cam cam,aerial view of the green fields,a large field with a lot of green grass,0.047619047619047616,0.2021768865708778,0.06666666666666667,0.26666666666666666,0.0,0.18443191662261307
tile_0357,a green gems,aerial view of the golf course at the golf course at the golf course,an aerial view of a golf course,0.08786571270524224,0.3571428571428572,0.2,0.4761904761904762,0.0,0.4987671136456984
tile_0358,a green and white image of a man,an aerial view of the site of the proposed site,an aerial view of the site of the proposed site,0.09735009788392564,1.0,0.11111111111111112,1.0,0.11521554337793123,1.0
tile_0359,a green leaf with a white flower in the middle,a golf course in the woods,an aerial view of the golf course at the golf course,0.09048374180359597,0.21729910425353913,0.09523809523809525,0.3529411764705882,0.09533922763834014,0.4865725171785651
tile_0360,a green leaf with a blur effect,an aerial view of a green field with a road,an aerial view of the village and surrounding hills,0.0,0.4,0.0,0.4210526315789474,0.0,0.31125746752705385
tile_0361,a green leaf with a white stripe,a satellite image of a green field,oblique oblique oblique oblique oblique oblique oblique oblique oblique oblique oblique oblique oblique oblique oblique oblique oblique oblique oblique oblique oblique,0.0,0.0,0.0,0.0,0.0,0.0
tile_0362,a close up of a green leaf,an aerial view of the river and surrounding farmland,an aerial view of a golf course,0.2857142857142857,0.4444444444444444,0.2857142857142857,0.5,0.10163066979112656,0.3808165329771115
tile_0363,a small bird perched on a leaf,a satellite image of a green field with a river running through it,an aerial view of a green field with a road,0.18612544500887301,0.46153846153846156,0.23529411764705882,0.5217391304347826,0.0,0.2912194185636897
tile_0364,a green leaf with white flowers,an aerial view of a golf course,an aerial view of a farm in the middle of the country,0.0613132401952404,0.34967261396925226,0.1111111111111111,0.5263157894736842,0.0,0.3713432757544298
tile_0365,a close up of a green leaf,a satellite image of a golf course,an aerial view of a farm in the hills,0.21470779802151024,0.21470779802151024,0.25,0.25,0.08704446792504217,0.08704446792504217
tile_0366,a green leaf with a white background,a satellite image of a river running through a green landscape,an aerial view of a farm in the countryside,0.10735389901075512,0.18181818181818182,0.125,0.19999999999999998,0.0,0.06744304769296747
tile_0367,a close up of a leaf with a blur,a satellite image of a golf course,aerial view of the countryside,0.11111111111111109,0.14285714285714285,0.14285714285714285,0.16666666666666666,0.10163066979112656,0.11234277891542777
tile_0368,a close up of a green leaf,an aerial view of a green field with a small house,an aerial view of a green field with a small house in the middle,0.21021682352653848,0.7613003866968737,0.38095238095238093,0.88,0.15231415519375907,0.7765145304745156
tile_0369,a green leaf with white spots,a satellite image of the golf course at the golf course,an aerial view of the golf course at the golf club,0.0,0.6363636363636364,0.0,0.6363636363636364,0.0,0.6514705917638415
tile_0370,a blur of green leaves,aerial view of the green fields,an aerial view of a green field with trees,0.26959737847033294,0.4043537731417556,0.42857142857142855,0.5333333333333333,0.2202881505618297,0.41120705506761873
tile_0371,a small white flower on a green leaf,a satellite image of a green field with a lake,an aerial view of a golf course,0.12500000000000003,0.2,0.13333333333333333,0.23529411764705882,0.0,0.0845798608014702
tile_0372,a green leaf with white spots,an aerial view of the site of the proposed site,aerial view of the farm,0.0,0.4,0.0,0.5333333333333333,0.0,0.5250790579579575
tile_0373,a bird is sitting on a branch in the woods,an aerial view of a golf course,oblique oblique oblique oblique oblique oblique oblique oblique oblique oblique oblique oblique oblique oblique oblique oblique oblique oblique oblique oblique oblique,0.0,0.0,0.0,0.0,0.0,0.0
tile_0374,a close up of a green leaf,an aerial view of the site of the battle of waterloo,oblique oblique oblique oblique oblique oblique oblique oblique oblique oblique oblique oblique oblique oblique oblique oblique oblique oblique oblique oblique oblique,0.0,0.0,0.0,0.0,0.0,0.0
tile_0375,a pink flower with green leaves in the background,aerial view of the golf course at the golf club,an aerial view of the farm land,0.11111111111111109,0.4,0.125,0.47058823529411764,0.07244081925041987,0.3477492453816745
tile_0376,a close up of a green leaf,a large body of water,an aerial view of the lake and surrounding fields,0.10735389901075512,0.08986579282344431,0.125,0.14285714285714285,0.08176804146599938,0.09269789668627058
tile_0377,a bunch of white flowers on a black background,a green field with a small patch of land,an aerial view of the golf course at the golf course,0.08897082254631197,0.08897082254631197,0.09999999999999999,0.09999999999999999,0.04885067412069597,0.04885067412069597
