tile_id,classe,caption_lr,caption_sr,bleu1_lr,bleu1_sr,rouge1_lr,rouge1_sr,tfidf_lr,tfidf_sr
tile_0000,vegetacao cultivada,"The image shows a coastal area with a mix of land cover types, including a large body of water in the center.","The image shows a remote sensing scene with a mix of land cover types, including trees, water, and a single bridge.",0,0,0.0,0.0,0.0,0.0
tile_0001,vegetacao cultivada,"The image shows a coastal area with a mix of land cover types, including trees, a road, and a building.","The image shows a mix of land cover types, including trees, a bridge, and a road.",0,0,0.0,0.0,0.0,0.0
tile_0002,massa dagua,"The image shows a mix of land cover types, including trees, a roundabout, and a golf field.","The image shows a mix of land cover types, including trees, a roundabout, and a building.",0,0,0.0,0.0,0.0,0.0
tile_0003,vegetacao cultivada,"The image shows a remote sensing scene with a mix of land cover types, including grass, trees, and a building.",The image shows a road at the center with trees on both sides.,0,0,0.0,0.0,0.0,0.0
tile_0004,vegetacao cultivada,"The image shows a remote sensing scene with a bridge and some trees in the center, surrounded by a mix of land cover types.","The image shows a mix of land cover types, including trees, buildings, and a road.",0,0,0.0,0.0,0.0,0.0
tile_0005,campo,"The image shows a coastal area with a mix of land cover types, including a golf field and a roundabout.","The image shows a mix of land cover types, including trees, a groundtrackfield, and a soccerballfield.",0,0,0.0,0.0,0.0,0.0
tile_0006,vegetacao cultivada,"The image shows a remote sensing scene with a mix of land cover types, including trees, buildings, and a road.","The image shows a remote sensing scene with a mix of land cover types, including trees, grass, and a road.",0,0,0.0,0.0,0.0,0.0
tile_0007,campo,"The image shows a mix of land cover types, including buildings, trees, and a road.","The image shows a mix of land cover types, including baseball fields, buildings, houses, trees, and a road.",0,0,0.0,0.0,0.0,0.0
tile_0008,area edificada,"The image shows a mix of land cover types, including buildings, houses, and trees, with some areas appearing to be more densely populated than others.","The image shows a mix of land cover types, including buildings, houses, trees, and a single baseball field.",0,0,0.0,0.0,0.0,0.0
tile_0009,campo,"The image shows a bridge and a building, with the bridge being located at the right side of the image.","The image shows a mix of land cover types, including buildings, trees, and a road.",0,0,0.0,0.0,0.0,0.0
tile_0010,campo,"The image shows a bridge and a roundabout, with the bridge being located at the top left and the roundabout being close to it. The land cover type visible is a bridge and a roundabout.","The image shows a mix of land cover types, including buildings, trees, and a bridge.",0,0,0.0,0.0,0.0,0.0
tile_0011,vegetacao cultivada,"The image shows a mix of land cover types, including trees, water, and a single bridge.","The image shows a mix of land cover types, including trees, a bridge, and a roundabout.",0,0,0.0,0.0,0.0,0.0
tile_0012,vegetacao cultivada,"The image shows a mix of land cover types, including trees, a dam, and a road.","The image shows a mix of land cover types, including trees, a road, and a bridge.",0,0,0.0,0.0,0.0,0.0
tile_0013,vegetacao cultivada,"The image shows a remote sensing scene with a mix of land cover types, including a large area of green grass, some trees, and a few buildings.","The image shows a mix of land cover types, including grass, trees, and a road.",0,0,0.0,0.0,0.0,0.0
tile_0014,vegetacao cultivada,"The image shows a mix of land cover types, including trees, buildings, and a road.","The image shows a mix of land cover types, including trees, buildings, and a road.",0,0,0.0,0.0,0.0,0.0
tile_0015,campo,"The image shows a remote sensing scene with a mix of land cover types, including a building, trees, and a road.","The image shows a mix of land cover types, including trees, a bridge, and a road.",0,0,0.0,0.0,0.0,0.0
tile_0016,vegetacao cultivada,"The image shows a remote sensing scene with a mix of land cover types, including trees, buildings, and a road.","The image shows a mix of land cover types, including trees, a golf field, and a road.",0,0,0.0,0.0,0.0,0.0
tile_0017,vegetacao cultivada,"The image shows a mix of land cover types, including a large area of green grass, some trees, and a few buildings.","The image shows a field of green grass in the center, with some trees at the top.",0,0,0.0,0.0,0.0,0.0
tile_0018,vegetacao cultivada,"The image shows a mix of land cover types, including trees, buildings, and a road.","The image shows a mix of land cover types, including trees, grass, and water, with some trees located at the top left, bottom left, and center of the image.",0,0,0.0,0.0,0.0,0.0
tile_0019,vegetacao cultivada,The image shows a land cover type of trees at the bottom right.,"The image shows a remote sensing scene with a mix of land cover types, including trees, a road, and a building.",0,0,0.0,0.0,0.0,0.0
tile_0020,vegetacao cultivada,"The image shows a mix of land cover types, including trees, buildings, and a road.","The image shows a mix of land cover types, including trees, grass, and a single building.",0,0,0.0,0.0,0.0,0.0
tile_0021,vegetacao cultivada,"The image shows a remote sensing scene with a mix of land cover types, including trees, buildings, and a road.","The remote sensing image shows a mix of land cover types, including trees, water, and a single building.",0,0,0.0,0.0,0.0,0.0
tile_0022,vegetacao cultivada,"The image shows a remote sensing scene with a mix of land cover types, including trees, a roundabout, and a road.","The image shows a mix of land cover types, including trees, buildings, and a road.",0,0,0.0,0.0,0.0,0.0
tile_0023,campo,"The image shows a bridge and some trees, with the bridge being located at the center and the trees being present at the bottom right.","The image shows a mix of land cover types, including trees, buildings, and a bridge.",0,0,0.0,0.0,0.0,0.0
tile_0024,vegetacao cultivada,"The image shows a mix of land cover types, including trees, a building, and a road.","The image shows a mix of land cover types, including baseball fields, buildings, and trees.",0,0,0.0,0.0,0.0,0.0
tile_0025,area edificada,"The image shows a mix of land cover types, including a golf field, trees, and a bridge.","The image shows a mix of land cover types, including baseball fields, buildings, and trees.",0,0,0.0,0.0,0.0,0.0
tile_0026,area edificada,"The image shows a mix of land cover types, including buildings, houses, and trees, with some roads and a small vehicle present.","The image shows a mix of land cover types, including buildings, houses, trees, and a road.",0,0,0.0,0.0,0.0,0.0
tile_0027,campo,"The image shows a mix of land cover types, including trees, buildings, and a bridge.","The image shows a mix of land cover types, including baseball fields, buildings, trees, and a road.",0,0,0.0,0.0,0.0,0.0
tile_0028,area edificada,"The image shows a mix of land cover types, including buildings, roads, and trees, with a bridge and an overpass present.","The image shows a mix of land cover types, including buildings, houses, trees, and a bridge.",0,0,0.0,0.0,0.0,0.0
tile_0029,vegetacao cultivada,"The image shows a mix of land cover types, including trees, buildings, and a road.","The image shows a mix of land cover types, including buildings, trees, and a road.",0,0,0.0,0.0,0.0,0.0
tile_0030,vegetacao cultivada,"The image shows a mix of land cover types, including trees, buildings, and a road.","The image shows a mix of land cover types, including trees, a road, and a field.",0,0,0.0,0.0,0.0,0.0
tile_0031,vegetacao cultivada,The image shows a land cover type of trees at the top left.,"The image shows a mix of land cover types, including trees, buildings, and a bridge.",0,0,0.0,0.0,0.0,0.0
tile_0032,vegetacao cultivada,"The image shows a mix of land cover types, including a bridge, buildings, trees, and a road.","The image shows a mix of land cover types, including buildings, trees, and a road.",0,0,0.0,0.0,0.0,0.0
tile_0033,campo,"The image shows a mix of land cover types, including a bridge, an expressway-toll-station, and various types of trees.","The image shows a mix of land cover types, including trees, buildings, and a road.",0,0,0.0,0.0,0.0,0.0
tile_0034,vegetacao cultivada,"The image shows a mix of land cover types, including trees, buildings, and a bridge.","The image shows a mix of land cover types, including trees, buildings, and a golf course.",0,0,0.0,0.0,0.0,0.0
tile_0035,vegetacao cultivada,"The image shows a mix of land cover types, including buildings, trees, and a road.","The image shows a mix of land cover types, including trees, a bridge, and a golf field.",0,0,0.0,0.0,0.0,0.0
tile_0036,floresta,The image shows a land cover type with a mix of trees and a road.,"The image shows a mix of land cover types, including trees, a dam, and a golf field.",0,0,0.0,0.0,0.0,0.0
tile_0037,vegetacao cultivada,"The image shows a mix of land cover types, including trees, a road, and a large swimming pool.","The image shows a mix of land cover types, including trees, a road, and a roundabout.",0,0,0.0,0.0,0.0,0.0
tile_0038,vegetacao cultivada,"The image shows a remote sensing scene with a mix of land cover types, including trees, buildings, and a road.","The image shows a mix of land cover types, including trees, water, and a bridge.",0,0,0.0,0.0,0.0,0.0
tile_0039,vegetacao cultivada,"The image shows a mix of land cover types, including a golf field, trees, and a bridge.","The image shows a mix of land cover types, including trees, a bridge, and a dam.",0,0,0.0,0.0,0.0,0.0
tile_0040,vegetacao cultivada,The image shows a land cover type of trees at the bottom right.,"The image shows a mix of land cover types, including trees, a golf field, and a road.",0,0,0.0,0.0,0.0,0.0
tile_0041,campo,"The image shows a remote sensing scene with a mix of land cover types, including trees, buildings, and a road.","The image shows a mix of land cover types, including trees, crops, and possibly urban areas, with some regions appearing more densely populated than others.",0,0,0.0,0.0,0.0,0.0
tile_0042,campo,"The image shows a mix of land cover types, including trees, buildings, and a road.","The image shows a mix of land cover types, including trees, grass, and a building.",0,0,0.0,0.0,0.0,0.0
tile_0043,area edificada,"The image shows a mix of land cover types, including a baseball field, buildings, and trees.","The image shows a mix of land cover types, including baseball fields, buildings, houses, trees, and a road.",0,0,0.0,0.0,0.0,0.0
tile_0044,area edificada,"The image shows a mix of land cover types, including buildings, houses, trees, and a roundabout.","The image shows a mix of land cover types, including buildings, houses, trees, and a road.",0,0,0.0,0.0,0.0,0.0
tile_0045,floresta,"The image shows a coastal area with a mix of land cover types, including trees, buildings, and a bridge.","The image shows a mix of land cover types, including trees, buildings, and a road.",0,0,0.0,0.0,0.0,0.0
tile_0046,area edificada,"The image shows a mix of land cover types, including buildings, houses, trees, and a road.","The image shows a mix of land cover types, including buildings, houses, trees, and a single groundtrackfield.",0,0,0.0,0.0,0.0,0.0
tile_0047,area edificada,"The image shows a mix of land cover types, including buildings, trees, and a road.","The image shows a mix of land cover types, including buildings, houses, trees, and a road.",0,0,0.0,0.0,0.0,0.0
tile_0048,area edificada,"The image shows a bridge and a building, with the bridge being located at the center and the building being located at the top. The land cover type visible is a bridge.","The image shows a mix of land cover types, including buildings, trees, and a bridge.",0,0,0.0,0.0,0.0,0.0
tile_0049,vegetacao cultivada,"The image shows a mix of land cover types, including trees, buildings, and a road.","The image shows a mix of land cover types, including trees, buildings, and a road.",0,0,0.0,0.0,0.0,0.0
tile_0050,campo,"The image shows a mix of land cover types, including a golf field, trees, and a road.","The image shows a mix of land cover types, including trees, buildings, and a road.",0,0,0.0,0.0,0.0,0.0
tile_0051,campo,"The image shows a coastal area with a mix of land cover types, including trees, buildings, and a road.","The image shows a mix of land cover types, including trees, a road, and a building.",0,0,0.0,0.0,0.0,0.0
tile_0052,vegetacao cultivada,"The image shows a mix of land cover types, including buildings, trees, and a road.","The image shows a mix of land cover types, including buildings, trees, and a road.",0,0,0.0,0.0,0.0,0.0
tile_0053,vegetacao cultivada,"The image shows a mix of land cover types, including trees, buildings, and a road.","The image shows a mix of land cover types, including buildings, trees, and a road.",0,0,0.0,0.0,0.0,0.0
tile_0054,vegetacao cultivada,"The image shows a land cover type of trees at the bottom left, with some trees at the bottom right.","The image shows a mix of land cover types, including trees, a pond, and a road.",0,0,0.0,0.0,0.0,0.0
tile_0055,vegetacao cultivada,The image shows a land cover type of trees at the bottom right.,"The image shows a bridge and some trees in the center, with the bridge being the most prominent feature.",0,0,0.0,0.0,0.0,0.0
tile_0056,vegetacao cultivada,"The image shows a mix of land cover types, including trees, grass, and possibly buildings or roads.","The image shows a mix of land cover types, including trees, a road, and a bridge.",0,0,0.0,0.0,0.0,0.0
tile_0057,vegetacao cultivada,"The image shows a coastal area with a mix of land cover types, including a golf field and trees.","The image shows a mix of land cover types, including trees, a dam, and a golf field.",0,0,0.0,0.0,0.0,0.0
tile_0058,vegetacao cultivada,"The image shows a mix of land cover types, including trees, shrubs, and a building, with some trees located at the top right corner of the image.","The image shows a remote sensing scene with a mix of land cover types, including trees, grass, and a golf field.",0,0,0.0,0.0,0.0,0.0
tile_0059,vegetacao cultivada,The image shows a land cover type of trees at the top.,"The image shows a mix of land cover types, including trees, water, and a single bridge.",0,0,0.0,0.0,0.0,0.0
tile_0060,campo,"The image shows a remote sensing scene with a mix of land cover types, including trees, shrubs, and a building.","The image shows a mix of land cover types, including trees, a river, and a bridge.",0,0,0.0,0.0,0.0,0.0
tile_0061,campo,"The image shows a mix of land cover types, including buildings, trees, and a road.","The image shows a mix of land cover types, including trees, buildings, and a ground track field.",0,0,0.0,0.0,0.0,0.0
tile_0062,area edificada,"The image shows a mix of land cover types, including trees, buildings, and a bridge.","The image shows a mix of land cover types, including buildings, houses, trees, and a road.",0,0,0.0,0.0,0.0,0.0
tile_0063,area edificada,"The image shows a mix of land cover types, including buildings, trees, and a road.","The image shows a mix of land cover types, including buildings, houses, trees, and a bridge.",0,0,0.0,0.0,0.0,0.0
tile_0064,area edificada,"The image shows a mix of land cover types, including buildings, houses, and trees, with some roads and a roundabout present.","The image shows a mix of land cover types, including buildings, houses, trees, and a single road.",0,0,0.0,0.0,0.0,0.0
tile_0065,area edificada,"The image shows a mix of land cover types, including buildings, trees, and a roundabout.","The image shows a mix of land cover types, including buildings, houses, trees, and a road.",0,0,0.0,0.0,0.0,0.0
tile_0066,area edificada,"The image shows a mix of land cover types, including buildings, trees, and a road.","The image shows a mix of land cover types, including buildings, houses, trees, and a bridge.",0,0,0.0,0.0,0.0,0.0
tile_0067,vegetacao cultivada,"The image shows a mix of land cover types, including buildings, trees, and a runway.","The image shows a mix of land cover types, including buildings, houses, trees, and a road.",0,0,0.0,0.0,0.0,0.0
tile_0068,campo,"The image shows a mix of land cover types, including buildings, trees, and a large bridge.","The image shows a mix of land cover types, including buildings, trees, and a road.",0,0,0.0,0.0,0.0,0.0
tile_0069,campo,"The image shows a mix of land cover types, including buildings, trees, and a road.","The image shows a mix of land cover types, including buildings, trees, and a road.",0,0,0.0,0.0,0.0,0.0
tile_0070,campo,"The image shows a mix of land cover types, including trees, a roundabout, and a storage tank.","The image shows a mix of land cover types, including trees, buildings, and a road.",0,0,0.0,0.0,0.0,0.0
tile_0071,vegetacao cultivada,"The image shows a mix of land cover types, including trees, buildings, and a road.","The image shows a mix of land cover types, including trees, buildings, and a road.",0,0,0.0,0.0,0.0,0.0
tile_0072,campo,"The image shows a mix of land cover types, including trees, hills, and a building.","The image shows a mix of land cover types, including trees, a pond, and a road.",0,0,0.0,0.0,0.0,0.0
tile_0073,campo,"The image shows a mix of land cover types, including trees, a golf field, and a bridge.","The image shows a mix of land cover types, including trees, a bridge, and a road.",0,0,0.0,0.0,0.0,0.0
tile_0074,campo,"The image shows a mix of land cover types, including trees, grass, and a golf field.","The image shows a mix of land cover types, including trees, a golf field, and a pond.",0,0,0.0,0.0,0.0,0.0
tile_0075,campo,"The image shows a mix of land cover types, including trees, a golf field, and a road.","The image shows a mix of land cover types, including trees, a building, and a road.",0,0,0.0,0.0,0.0,0.0
tile_0076,vegetacao cultivada,"The image shows a remote sensing scene with a mix of land cover types, including trees, a golf field, and a road.","The image shows a mix of land cover types, including trees, a building, and a road.",0,0,0.0,0.0,0.0,0.0
tile_0077,vegetacao cultivada,The image shows a land cover type of a large green area.,"The image shows a mix of land cover types, including trees, a dam, and a road.",0,0,0.0,0.0,0.0,0.0
tile_0078,floresta,"The image shows a mix of land cover types, including trees, a golf field, and a road.","The image shows a mix of land cover types, including trees, a road, and a building.",0,0,0.0,0.0,0.0,0.0
tile_0079,area edificada,"The image shows a mix of land cover types, including buildings, trees, and a roundabout.","The image shows a mix of land cover types, including buildings, houses, trees, and a road.",0,0,0.0,0.0,0.0,0.0
tile_0080,area edificada,"The image shows a mix of land cover types, including buildings, trees, and a road.","The image shows a mix of land cover types, including buildings, houses, trees, and a single road.",0,0,0.0,0.0,0.0,0.0
tile_0081,area edificada,"The image shows a mix of land cover types, including baseball diamonds, buildings, and trees.","The image shows a mix of land cover types, including buildings, houses, trees, and a baseball field.",0,0,0.0,0.0,0.0,0.0
tile_0082,area edificada,"The image shows a mix of land cover types, including buildings, trees, and a road.","The image shows a mix of land cover types, including buildings, houses, trees, and a single road.",0,0,0.0,0.0,0.0,0.0
tile_0083,floresta,"The image shows a mix of land cover types, including trees, buildings, and a road.","The image shows a mix of land cover types, including buildings, trees, and a road.",0,0,0.0,0.0,0.0,0.0
tile_0084,floresta,"The image shows a bridge and some trees in the center, with a large bridge and some trees close to each other at the top.","The image shows a mix of land cover types, including trees, buildings, and a bridge.",0,0,0.0,0.0,0.0,0.0
tile_0085,vegetacao cultivada,"The image shows a remote sensing scene with a bridge and an airport, with the bridge located at the top right and the airport at the top left.","The image shows a mix of land cover types, including trees, buildings, and a road.",0,0,0.0,0.0,0.0,0.0
tile_0086,campo,"The image shows a mix of land cover types, including trees, grass, and a building.","The image shows a mix of land cover types, including trees, a baseball field, and a road.",0,0,0.0,0.0,0.0,0.0
tile_0087,campo,"The image shows a mix of land cover types, including buildings, houses, trees, and a road.","The image shows a mix of land cover types, including buildings, trees, and a road.",0,0,0.0,0.0,0.0,0.0
tile_0088,campo,"The image shows a bridge and some trees in the center, with a road at the top right.","The image shows a mix of land cover types, including buildings, trees, and a road.",0,0,0.0,0.0,0.0,0.0
tile_0089,campo,"The image shows a coastal area with a mix of land cover types, including trees, buildings, and a golf field.","The image shows a mix of land cover types, including buildings, trees, and a road.",0,0,0.0,0.0,0.0,0.0
tile_0090,campo,"The image shows a mix of land cover types, including trees, grass, and a building.","The image shows a mix of land cover types, including trees, buildings, and a road.",0,0,0.0,0.0,0.0,0.0
tile_0091,vegetacao cultivada,"The image shows a mix of land cover types, including trees, grass, and a golf field.","The image shows a mix of land cover types, including trees, a golf field, and a bridge.",0,0,0.0,0.0,0.0,0.0
tile_0092,campo,"The image shows a mix of land cover types, including trees, buildings, and a road.","The image shows a mix of land cover types, including trees, a roundabout, and a road.",0,0,0.0,0.0,0.0,0.0
tile_0093,campo,The image shows a land cover type with a mix of trees and buildings.,"The image shows a mix of land cover types, including trees, a golf field, and a bridge.",0,0,0.0,0.0,0.0,0.0
tile_0094,campo,"The image shows a coastal area with a mix of land cover types, including trees, a golf field, and a road.","The image shows a mix of land cover types, including trees, a building, and a road.",0,0,0.0,0.0,0.0,0.0
tile_0095,vegetacao cultivada,"The image shows a mix of land cover types, including trees, buildings, and a road.","The image shows a mix of land cover types, including trees, fields, and a road.",0,0,0.0,0.0,0.0,0.0
tile_0096,vegetacao cultivada,"The image shows a coastal area with a mix of land cover types, including trees, buildings, and a road.","The image shows a mix of land cover types, including trees, buildings, and a road.",0,0,0.0,0.0,0.0,0.0
tile_0097,campo,"The image shows a mix of land cover types, including trees, buildings, and a golf field.","The image shows a mix of land cover types, including trees, buildings, and a golf field.",0,0,0.0,0.0,0.0,0.0
tile_0098,area edificada,"The image shows a mix of land cover types, including buildings, houses, trees, and a road.","The image shows a mix of land cover types, including buildings, houses, trees, and a road.",0,0,0.0,0.0,0.0,0.0
tile_0099,area edificada,"The image shows a mix of land cover types, including a bridge, an airport, and a golf field.","The image shows a mix of land cover types, including trees, buildings, and a train station.",0,0,0.0,0.0,0.0,0.0
tile_0100,area edificada,"The image shows a mix of land cover types, including buildings, trees, and a road.","The image shows a mix of land cover types, including baseball fields, buildings, and trees.",0,0,0.0,0.0,0.0,0.0
tile_0101,terreno exposto,"The image shows a mix of land cover types, including an airport, a bridge, a building, and trees.","The image shows a mix of land cover types, including trees, buildings, and a road.",0,0,0.0,0.0,0.0,0.0
tile_0102,area edificada,"The image shows a mix of land cover types, including buildings, trees, and a road.","The image shows a mix of land cover types, including buildings, houses, trees, and a road.",0,0,0.0,0.0,0.0,0.0
tile_0103,campo,"The image shows a mix of land cover types, including trees, a roundabout, and a golf field.","The image shows a mix of land cover types, including buildings, trees, and a baseball field.",0,0,0.0,0.0,0.0,0.0
tile_0104,campo,"The image shows a remote sensing scene with a mix of land cover types, including trees, a building, and a road.","The image shows a mix of land cover types, including trees, buildings, and a road.",0,0,0.0,0.0,0.0,0.0
tile_0105,campo,"The image shows a mix of land cover types, including trees, buildings, and a road.","The image shows a mix of land cover types, including trees, buildings, and a road.",0,0,0.0,0.0,0.0,0.0
tile_0106,campo,"The image shows a mix of land cover types, including trees, a dam, and a road.","The image shows a mix of land cover types, including trees, buildings, and a road.",0,0,0.0,0.0,0.0,0.0
tile_0107,campo,"The image shows a mix of land cover types, including trees, buildings, and a road.","The image shows a mix of land cover types, including trees, a building, and a road.",0,0,0.0,0.0,0.0,0.0
tile_0108,campo,"The image shows a mix of land cover types, including trees, shrubs, and a golf field.","The image shows a mix of land cover types, including trees, a golf course, and a road.",0,0,0.0,0.0,0.0,0.0
tile_0109,campo,"The image shows a remote sensing scene with a mix of land cover types, including trees, shrubs, and grass.","The image shows a mix of land cover types, including trees, a pond, and a road.",0,0,0.0,0.0,0.0,0.0
tile_0110,floresta,"The image shows a mix of land cover types, including trees, rocks, and a snow-covered area.","The image shows a mix of land cover types, including trees, water, and a bridge.",0,0,0.0,0.0,0.0,0.0
tile_0111,campo,"The image shows a mix of land cover types, including trees, a golf field, and a road.","The image shows a mix of land cover types, including trees, a pond, and a road.",0,0,0.0,0.0,0.0,0.0
tile_0112,campo,"The image shows a mix of land cover types, including trees, a golf field, and a building.","The image shows a mix of land cover types, including trees, a golf field, and a pond.",0,0,0.0,0.0,0.0,0.0
tile_0113,vegetacao cultivada,The image shows a rocky terrain with some trees at the bottom right.,"The image shows a mix of land cover types, including trees, grass, and a small stream at the bottom right.",0,0,0.0,0.0,0.0,0.0
tile_0114,vegetacao cultivada,The image shows a forest area with some trees at the bottom right.,"The image shows a mix of land cover types, including trees, buildings, and a golf field.",0,0,0.0,0.0,0.0,0.0
tile_0115,campo,"The image shows a mix of land cover types, including trees, buildings, and a road.","The image shows a mix of land cover types, including trees, buildings, and a road.",0,0,0.0,0.0,0.0,0.0
tile_0116,area edificada,"The image shows a mix of land cover types, including buildings, roads, and trees.","The image shows a mix of land cover types, including buildings, houses, trees, and a single road.",0,0,0.0,0.0,0.0,0.0
tile_0117,area edificada,"The image shows a mix of land cover types, including buildings, trees, and a golf field.","The image shows a mix of land cover types, including buildings, houses, trees, and a bridge.",0,0,0.0,0.0,0.0,0.0
tile_0118,campo,"The image shows a mix of land cover types, including a golf field, trees, and a road.","The image shows a mix of land cover types, including trees, buildings, and a road.",0,0,0.0,0.0,0.0,0.0
tile_0119,floresta,"The image shows a mix of land cover types, including trees, water, and a small area of land at the top left.","The image shows a remote sensing scene with a bridge and some trees in the center, surrounded by a mix of land cover types.",0,0,0.0,0.0,0.0,0.0
tile_0120,floresta,"The image shows a mix of land cover types, including trees, buildings, and a road.","The image shows a mix of land cover types, including trees, buildings, and a golf field.",0,0,0.0,0.0,0.0,0.0
tile_0121,vegetacao cultivada,"The image shows a mix of land cover types, including trees, a golf field, and a road.","The image shows a mix of land cover types, including trees, a golf field, and a building.",0,0,0.0,0.0,0.0,0.0
tile_0122,vegetacao cultivada,"The image shows a mix of land cover types, including trees, shrubs, and a golf field.","The image shows a mix of land cover types, including trees, a road, and a roundabout.",0,0,0.0,0.0,0.0,0.0
tile_0123,campo,"The image shows a mix of land cover types, including trees, shrubs, and a building, with some trees located at the top left and bottom left corners.","The image shows a mix of land cover types, including trees, a golf field, and a building.",0,0,0.0,0.0,0.0,0.0
tile_0124,campo,"The image shows a mix of land cover types, including trees, buildings, and a road.","The image shows a mix of land cover types, including trees, buildings, and a road.",0,0,0.0,0.0,0.0,0.0
tile_0125,campo,"The image shows a mix of land cover types, including trees, a golf field, and a building.","The image shows a mix of land cover types, including trees, a building, and a road.",0,0,0.0,0.0,0.0,0.0
tile_0126,campo,"The image shows a coastal area with a mix of land cover types, including trees, buildings, and a ship.","The image shows a mix of land cover types, including trees, a golf field, and a bridge.",0,0,0.0,0.0,0.0,0.0
tile_0127,campo,"The image shows a mix of land cover types, including trees, buildings, and a road.","The image shows a mix of land cover types, including trees, a golf field, and a bridge.",0,0,0.0,0.0,0.0,0.0
tile_0128,floresta,"The image shows a mix of land cover types, including trees, roads, and a building.","The remote sensing image shows a mix of land cover types, including trees, a beach, and a road.",0,0,0.0,0.0,0.0,0.0
tile_0129,campo,The image shows a land cover type of trees at the top right.,"The image shows a mix of land cover types, including trees, a bridge, and a building.",0,0,0.0,0.0,0.0,0.0
tile_0130,campo,"The image shows a mix of land cover types, including trees, grass, and a golf field.","The image shows a mix of land cover types, including trees, grass, and a building, with some trees located at the top right corner of the image.",0,0,0.0,0.0,0.0,0.0
tile_0131,floresta,"The image shows a mix of land cover types, including trees, shrubs, and grass, with some areas appearing to be covered in moss.","The image shows a remote sensing scene with a mix of land cover types, including trees, a pond, and a dam.",0,0,0.0,0.0,0.0,0.0
tile_0132,campo,"The image shows a mix of land cover types, including trees, a golf field, and a road.","The image shows a mix of land cover types, including trees, buildings, and a road.",0,0,0.0,0.0,0.0,0.0
tile_0133,vegetacao cultivada,"The image shows a mix of land cover types, including trees, grass, and a small area of land at the bottom left.","The image shows a mix of land cover types, including trees, buildings, and a bridge.",0,0,0.0,0.0,0.0,0.0
tile_0134,campo,"The image shows a mix of land cover types, including buildings, trees, and a ground track field.","The image shows a mix of land cover types, including trees, buildings, and a baseball field.",0,0,0.0,0.0,0.0,0.0
tile_0135,campo,"The image shows a mix of land cover types, including trees, buildings, and a road.","The image shows a mix of land cover types, including trees, buildings, and a golf field.",0,0,0.0,0.0,0.0,0.0
tile_0136,campo,"The image shows a mix of land cover types, including trees, buildings, and a road.","The image shows a mix of land cover types, including trees, a bridge, and a dam.",0,0,0.0,0.0,0.0,0.0
tile_0137,vegetacao cultivada,"The image shows a mix of land cover types, including trees, grass, and a golf field.","The image shows a mix of land cover types, including trees, a golf field, and a bridge.",0,0,0.0,0.0,0.0,0.0
tile_0138,vegetacao cultivada,"The image shows a mix of land cover types, including trees, shrubs, and a building, with some trees located at the bottom left and top right corners.","The image shows a mix of land cover types, including trees, a dam, and a golf field.",0,0,0.0,0.0,0.0,0.0
tile_0139,vegetacao cultivada,The image shows a land cover type of trees at the bottom left.,"The image shows a mix of land cover types, including trees, a road, and a building.",0,0,0.0,0.0,0.0,0.0
tile_0140,vegetacao cultivada,"The image shows a mix of land cover types, including trees, a golf field, and a road.","The image shows a mix of land cover types, including trees, a pond, and a building.",0,0,0.0,0.0,0.0,0.0
tile_0141,vegetacao cultivada,"The image shows a mix of land cover types, including trees, buildings, and a road.","The image shows a mix of land cover types, including trees, a dam, and a road.",0,0,0.0,0.0,0.0,0.0
tile_0142,vegetacao cultivada,"The image shows a mix of land cover types, including trees, a golf field, and a bridge.","The image shows a mix of land cover types, including trees, buildings, and a golf field.",0,0,0.0,0.0,0.0,0.0
tile_0143,campo,"The image shows a mix of land cover types, including trees, a road, and a building.","The image shows a mix of land cover types, including trees, a dam, and a road.",0,0,0.0,0.0,0.0,0.0
tile_0144,campo,"The image shows a snow-covered land mass in the center, with no other visible land cover types.","The image shows a coastal area with a mix of land cover types, including trees, grass, and a single building.",0,0,0.0,0.0,0.0,0.0
tile_0145,campo,"The image shows a mix of land cover types, including trees, buildings, and a road.","The image shows a coastal area with a mix of land cover types, including trees, a golf course, and a body of water.",0,0,0.0,0.0,0.0,0.0
tile_0146,massa dagua,The image shows a land cover type of trees at the bottom left.,"The image shows a coastal area with a mix of land cover types, including trees, a beach, and a road.",0,0,0.0,0.0,0.0,0.0
tile_0147,massa dagua,"The image shows a coastal area with a mix of land cover types, including buildings, trees, and a road.","The image shows a mix of land cover types, including trees, buildings, and a road.",0,0,0.0,0.0,0.0,0.0
tile_0148,floresta,"The image shows a mix of land cover types, including trees, buildings, and a road.","The image shows a mix of land cover types, including trees, a bridge, and a road.",0,0,0.0,0.0,0.0,0.0
tile_0149,vegetacao cultivada,The image shows a land cover type of trees at the top.,"The image shows a mix of land cover types, including trees, buildings, and a road.",0,0,0.0,0.0,0.0,0.0
tile_0150,campo,"The image shows a mix of land cover types, including trees, buildings, and a road.","The image shows a mix of land cover types, including trees, a building, and a road.",0,0,0.0,0.0,0.0,0.0
tile_0151,campo,"The image shows a mix of land cover types, including trees, grass, and possibly buildings or other structures.","The image shows a mix of land cover types, including trees, a bridge, and a golf field.",0,0,0.0,0.0,0.0,0.0
tile_0152,campo,"The image shows a mix of land cover types, including trees, buildings, and a roundabout.","The image shows a mix of land cover types, including trees, buildings, and a road.",0,0,0.0,0.0,0.0,0.0
tile_0153,vegetacao cultivada,"The image shows a mix of land cover types, including trees, fields, and a runway.","The image shows a mix of land cover types, including trees, buildings, and a golf field.",0,0,0.0,0.0,0.0,0.0
tile_0154,vegetacao cultivada,"The image shows a mix of land cover types, including trees, buildings, and a road.","The image shows a mix of land cover types, including trees, buildings, and a road.",0,0,0.0,0.0,0.0,0.0
tile_0155,vegetacao cultivada,"The image shows a mix of land cover types, including trees, water, and a small area of land at the bottom right.","The image shows a mix of land cover types, including trees, a golf field, and a bridge.",0,0,0.0,0.0,0.0,0.0
tile_0156,vegetacao cultivada,"The image shows a mix of land cover types, including trees, a road, and a building.","The image shows a mix of land cover types, including trees, buildings, and a soccer ball field.",0,0,0.0,0.0,0.0,0.0
tile_0157,vegetacao cultivada,"The image shows a mix of land cover types, including trees, shrubs, and a small vehicle.","The image shows a mix of land cover types, including trees, buildings, and a road.",0,0,0.0,0.0,0.0,0.0
tile_0158,campo,"The image shows a mix of land cover types, including trees, rocks, and possibly a building or other structures in the background.","The image shows a mix of land cover types, including trees, grass, and a golf field.",0,0,0.0,0.0,0.0,0.0
tile_0159,campo,"The image shows a remote sensing scene with a mix of land cover types, including trees, a road, and a golf field.","The image shows a mix of land cover types, including trees, a dam, and a road.",0,0,0.0,0.0,0.0,0.0
tile_0160,campo,"The image shows a mix of land cover types, including trees, a golf field, and a road.","The image shows a mix of land cover types, including trees, a golf field, and a bridge.",0,0,0.0,0.0,0.0,0.0
tile_0161,campo,"The image shows a mix of land cover types, including trees, a baseball field, and a building.","The image shows a mix of land cover types, including trees, buildings, and a road.",0,0,0.0,0.0,0.0,0.0
tile_0162,massa dagua,"The image shows a remote sensing scene with a mix of land cover types, including buildings, trees, and a road.","The image shows a mix of land cover types, including buildings, trees, and a road.",0,0,0.0,0.0,0.0,0.0
tile_0163,massa dagua,"The image shows a mix of land cover types, including trees, buildings, and a road.","The image shows a mix of land cover types, including trees, buildings, and a road.",0,0,0.0,0.0,0.0,0.0
tile_0164,massa dagua,The image shows a land cover type of a large body of water.,"The image shows a mix of land cover types, including buildings, trees, and a road.",0,0,0.0,0.0,0.0,0.0
tile_0165,massa dagua,"The image shows a mix of land cover types, including buildings, trees, and a road.","The image shows a mix of land cover types, including buildings, trees, and a road.",0,0,0.0,0.0,0.0,0.0
tile_0166,massa dagua,The image shows a land cover type of a building at the bottom of the image.,"The image shows a mix of land cover types, including trees, a road, and a building.",0,0,0.0,0.0,0.0,0.0
tile_0167,floresta,"The image shows a mix of land cover types, including trees, buildings, and a road.","The image shows a mix of land cover types, including trees, buildings, and a dam.",0,0,0.0,0.0,0.0,0.0
tile_0168,vegetacao cultivada,"The image shows a mix of land cover types, including trees, a dam, and a road.","The image shows a mix of land cover types, including trees, buildings, and a golf course.",0,0,0.0,0.0,0.0,0.0
tile_0169,vegetacao cultivada,"The image shows a mix of land cover types, including trees, buildings, and a road.","The image shows a mix of land cover types, including trees, buildings, and a road.",0,0,0.0,0.0,0.0,0.0
tile_0170,vegetacao cultivada,"The image shows a mix of land cover types, including trees, shrubs, and a building, with some trees located at the bottom right.","The image shows a mix of land cover types, including trees, buildings, and a road.",0,0,0.0,0.0,0.0,0.0
tile_0171,vegetacao cultivada,The image shows a land cover type of trees at the bottom right.,"The image shows a mix of land cover types, including trees, a golf field, and a roundabout.",0,0,0.0,0.0,0.0,0.0
tile_0172,campo,"The image shows a mix of land cover types, including trees, buildings, and a road.","The image shows a mix of land cover types, including trees, grass, and a golf field.",0,0,0.0,0.0,0.0,0.0
tile_0173,campo,"The image shows a mix of land cover types, including trees, a roundabout, and a golf field.","The image shows a mix of land cover types, including trees, buildings, and a dam, with some trees located at the bottom left and top right.",0,0,0.0,0.0,0.0,0.0
tile_0174,vegetacao cultivada,"The image shows a mix of land cover types, including trees, fields, and a roundabout.","The image shows a mix of land cover types, including trees, buildings, and a golf field.",0,0,0.0,0.0,0.0,0.0
tile_0175,vegetacao cultivada,"The image shows a mix of land cover types, including trees, a building, and a road.","The image shows a mix of land cover types, including trees, buildings, and a dam, with some trees located at the bottom left and top left.",0,0,0.0,0.0,0.0,0.0
tile_0176,campo,"The image shows a remote sensing scene with a mix of land cover types, including trees, a white ship, and a gray ship.","The image shows a mix of land cover types, including trees, buildings, and a bridge.",0,0,0.0,0.0,0.0,0.0
tile_0177,campo,"The image shows a mix of land cover types, including trees, a golf field, and a roundabout.","The image shows a mix of land cover types, including trees, buildings, and a golf course.",0,0,0.0,0.0,0.0,0.0
tile_0178,vegetacao cultivada,"The image shows a mix of land cover types, including trees, shrubs, and a large white storage tank.","The image shows a mix of land cover types, including trees, buildings, and a road.",0,0,0.0,0.0,0.0,0.0
tile_0179,vegetacao cultivada,"The image shows a mix of land cover types, including trees, water, and a large teal colored object in the center.","The image shows a mix of land cover types, including trees, a building, and a road.",0,0,0.0,0.0,0.0,0.0
tile_0180,massa dagua,"The image shows a remote sensing scene with a mix of land cover types, including trees, shrubs, and grass.","The image shows a mix of land cover types, including trees, a golf field, and a bridge.",0,0,0.0,0.0,0.0,0.0
tile_0181,massa dagua,"The image shows a coastal area with a mix of land cover types, including trees and a building.","The image shows a remote sensing scene with a mix of land cover types, including trees, shrubs, and grass.",0,0,0.0,0.0,0.0,0.0
tile_0182,massa dagua,"The image shows a land cover type of a large area, possibly a field or a park, with some trees and a road.","The image shows a remote sensing scene with a mix of land cover types, including trees, buildings, and a road.",0,0,0.0,0.0,0.0,0.0
tile_0183,massa dagua,"The image shows a mix of land cover types, including buildings, trees, and a road.","The image shows a mix of land cover types, including trees, buildings, and a road.",0,0,0.0,0.0,0.0,0.0
tile_0184,massa dagua,"The image shows a coastal area with a mix of land cover types, including trees and a building.",The image shows a coastal area with a mix of trees and a bridge.,0,0,0.0,0.0,0.0,0.0
tile_0185,floresta,"The image shows a mix of land cover types, including trees, shrubs, and grass, with some areas appearing to be covered in moss.","The image shows a mix of land cover types, including trees, a bridge, and a road.",0,0,0.0,0.0,0.0,0.0
tile_0186,vegetacao cultivada,"The image shows a mix of land cover types, including trees, grass, and a building.","The image shows a mix of land cover types, including trees, a building, and a road.",0,0,0.0,0.0,0.0,0.0
tile_0187,vegetacao cultivada,"The image shows a mix of land cover types, including trees, a golf field, and a road.","The image shows a mix of land cover types, including trees, a golf field, and a building.",0,0,0.0,0.0,0.0,0.0
tile_0188,campo,"The image shows a mix of land cover types, including trees, a golf field, and a storage tank.","The image shows a mix of land cover types, including trees, a building, and a road.",0,0,0.0,0.0,0.0,0.0
tile_0189,campo,"The image shows a mix of land cover types, including trees, grass, and a golf field.","The image shows a mix of land cover types, including trees, a golf field, and a road.",0,0,0.0,0.0,0.0,0.0
tile_0190,campo,"The image shows a mix of land cover types, including trees, shrubs, and a building.","The image shows a mix of land cover types, including trees, a golf field, and a road.",0,0,0.0,0.0,0.0,0.0
tile_0191,vegetacao cultivada,"The image shows a mix of land cover types, including trees, fields, and a road.","The image shows a mix of land cover types, including trees, a building, and a road.",0,0,0.0,0.0,0.0,0.0
tile_0192,vegetacao cultivada,"The image shows a mix of land cover types, including trees, a building, and a road.","The image shows a mix of land cover types, including trees, buildings, and a dam.",0,0,0.0,0.0,0.0,0.0
tile_0193,vegetacao cultivada,"The image shows a mix of land cover types, including trees, buildings, and a road.","The image shows a mix of land cover types, including trees, buildings, and a road.",0,0,0.0,0.0,0.0,0.0
tile_0194,campo,"The image shows a mix of land cover types, including trees, a golf field, and a road.","The image shows a mix of land cover types, including trees, buildings, and a road.",0,0,0.0,0.0,0.0,0.0
tile_0195,campo,"The image shows a mix of land cover types, including trees, buildings, and a road.","The image shows a mix of land cover types, including trees, buildings, and a bridge.",0,0,0.0,0.0,0.0,0.0
tile_0196,vegetacao cultivada,"The image shows a mix of land cover types, including trees, shrubs, and a building.","The image shows a mix of land cover types, including trees, a bridge, and a golf field.",0,0,0.0,0.0,0.0,0.0
tile_0197,vegetacao cultivada,"The image shows a mix of land cover types, including trees, buildings, and a roundabout.","The image shows a mix of land cover types, including trees, buildings, and a golf course.",0,0,0.0,0.0,0.0,0.0
tile_0198,massa dagua,The image shows a land cover type of a large olive-colored vehicle at the bottom of the scene.,"The image shows a mix of land cover types, including trees, buildings, and a golf course.",0,0,0.0,0.0,0.0,0.0
tile_0199,massa dagua,The image shows a land cover type of trees at the bottom right.,"The image shows a remote sensing scene with a mix of land cover types, including trees and water.",0,0,0.0,0.0,0.0,0.0
tile_0200,massa dagua,The image shows a land cover type of trees at the bottom left.,"The image shows a mix of land cover types, including trees, buildings, and a road.",0,0,0.0,0.0,0.0,0.0
tile_0201,massa dagua,The image shows a land cover type of a large green area at the bottom right.,The image shows a land cover type of a large green area.,0,0,0.0,0.0,0.0,0.0
tile_0202,vegetacao cultivada,"The image shows a mix of land cover types, including trees, buildings, and a road.","The image shows a mix of land cover types, including trees, buildings, and a road.",0,0,0.0,0.0,0.0,0.0
tile_0203,floresta,"The image shows a bridge and some trees in the center, with the bridge being the most prominent feature.","The image shows a mix of land cover types, including trees, a dam, and a road.",0,0,0.0,0.0,0.0,0.0
tile_0204,floresta,"The image shows a mix of land cover types, including trees, shrubs, and grass, with some areas appearing to be more densely vegetated than others.","The image shows a mix of land cover types, including trees, a golf field, and a bridge.",0,0,0.0,0.0,0.0,0.0
tile_0205,vegetacao cultivada,"The image shows a remote sensing scene with a mix of land cover types, including trees, a road, and a dam.","The image shows a mix of land cover types, including trees, a road, and a building.",0,0,0.0,0.0,0.0,0.0
tile_0206,campo,"The image shows a mix of land cover types, including trees, shrubs, and a building, with some trees located at the bottom right.","The image shows a mix of land cover types, including trees, a building, and a road.",0,0,0.0,0.0,0.0,0.0
tile_0207,vegetacao cultivada,"The image shows a mix of land cover types, including trees, a dam, and a golf field.","The image shows a mix of land cover types, including trees, a building, and a road.",0,0,0.0,0.0,0.0,0.0
tile_0208,vegetacao cultivada,"The image shows a mix of land cover types, including trees, shrubs, and a building, with some trees located at the bottom left and top right corners.","The image shows a mix of land cover types, including trees, a bridge, and a building.",0,0,0.0,0.0,0.0,0.0
tile_0209,vegetacao cultivada,"The image shows a mix of land cover types, including trees, a golf field, and a road.","The image shows a mix of land cover types, including trees, buildings, and a bridge.",0,0,0.0,0.0,0.0,0.0
tile_0210,campo,"The image shows a mix of land cover types, including trees, buildings, and a road.","The image shows a mix of land cover types, including trees, buildings, and a road.",0,0,0.0,0.0,0.0,0.0
tile_0211,campo,"The image shows a mix of land cover types, including trees, buildings, and a road.","The image shows a mix of land cover types, including trees, buildings, and a road.",0,0,0.0,0.0,0.0,0.0
tile_0212,campo,"The image shows a mix of land cover types, including trees, buildings, and a road.","The image shows a mix of land cover types, including trees, a building, and a road.",0,0,0.0,0.0,0.0,0.0
tile_0213,campo,"The image shows a coastal area with a mix of land cover types, including trees, a ship, and a large white ship anchored at the center.","The image shows a mix of land cover types, including trees, a dam, and a golf field.",0,0,0.0,0.0,0.0,0.0
tile_0214,floresta,"The image shows a mix of land cover types, including trees, shrubs, and grass, with some areas appearing to be more densely vegetated than others.","The image shows a mix of land cover types, including trees, a dam, and a road.",0,0,0.0,0.0,0.0,0.0
tile_0215,campo,"The image shows a remote sensing scene with a mix of land cover types, including trees, shrubs, and grass.","The image shows a mix of land cover types, including trees, a building, and a road.",0,0,0.0,0.0,0.0,0.0
tile_0216,vegetacao cultivada,"The image shows a coastal area with a mix of land cover types, including trees, a golf course, and a body of water.","The image shows a remote sensing scene with a mix of land cover types, including trees, a golf field, and a bridge.",0,0,0.0,0.0,0.0,0.0
tile_0217,vegetacao cultivada,"The image shows a mix of land cover types, including trees, buildings, and a road.","The image shows a mix of land cover types, including trees, a golf field, and a bridge.",0,0,0.0,0.0,0.0,0.0
tile_0218,massa dagua,The image shows a land cover type of trees at the bottom left.,"The remote sensing image shows a mix of land cover types, including trees, a road, and a building.",0,0,0.0,0.0,0.0,0.0
tile_0219,massa dagua,"The image shows a coastal area with a mix of land cover types, including a large harbor in the water at the bottom right.","The image shows a mix of land cover types, including trees, grass, and a golf field.",0,0,0.0,0.0,0.0,0.0
tile_0220,vegetacao cultivada,"The image shows a mix of land cover types, including trees, shrubs, and grass, with some areas appearing to be more densely vegetated than others.","The image shows a mix of land cover types, including trees, a dam, and a road.",0,0,0.0,0.0,0.0,0.0
tile_0221,campo,"The image shows a mix of land cover types, including trees, shrubs, and grass, with some areas appearing to be more densely vegetated than others.","The image shows a mix of land cover types, including trees, a dam, and a building.",0,0,0.0,0.0,0.0,0.0
tile_0222,campo,"The image shows a mix of land cover types, including trees, a road, and a building.","The image shows a mix of land cover types, including trees, a bridge, and a building.",0,0,0.0,0.0,0.0,0.0
tile_0223,vegetacao cultivada,"The image shows a mix of land cover types, including trees, buildings, and a road.","The image shows a mix of land cover types, including trees, a bridge, and a building.",0,0,0.0,0.0,0.0,0.0
tile_0224,vegetacao cultivada,The image shows a land cover type of trees at the top right.,"The image shows a bridge and some trees, with the bridge being located at the center and the trees being present on the right side.",0,0,0.0,0.0,0.0,0.0
tile_0225,vegetacao cultivada,"The image shows a mix of land cover types, including trees, a golf field, and a storage tank.","The image shows a mix of land cover types, including trees, buildings, and a roundabout.",0,0,0.0,0.0,0.0,0.0
tile_0226,vegetacao cultivada,"The image shows a mix of land cover types, including trees, buildings, and a road.","The image shows a mix of land cover types, including trees, buildings, and a road.",0,0,0.0,0.0,0.0,0.0
tile_0227,vegetacao cultivada,"The image shows a mix of land cover types, including trees, a golf field, and a road.","The image shows a mix of land cover types, including trees, buildings, and a dam.",0,0,0.0,0.0,0.0,0.0
tile_0228,floresta,"The image shows a mix of land cover types, including trees, buildings, and a road.","The image shows a mix of land cover types, including trees, buildings, and a road.",0,0,0.0,0.0,0.0,0.0
tile_0229,campo,"The image shows a mix of land cover types, including trees, grass, and a golf field.","The image shows a mix of land cover types, including trees, a pond, and a road.",0,0,0.0,0.0,0.0,0.0
tile_0230,floresta,"The image shows a mix of land cover types, including trees, shrubs, and grass, with some areas appearing to be covered in trees and shrubs.","The image shows a mix of land cover types, including trees, a golf field, and a building.",0,0,0.0,0.0,0.0,0.0
tile_0231,floresta,"The image shows a mix of land cover types, including trees, buildings, and a road.","The image shows a mix of land cover types, including trees, dams, and a road.",0,0,0.0,0.0,0.0,0.0
tile_0232,vegetacao cultivada,"The image shows a coastal area with a mix of land cover types, including trees, buildings, and a large body of water in the center.","The image shows a mix of land cover types, including trees, a golf field, and a bridge.",0,0,0.0,0.0,0.0,0.0
tile_0233,campo,"The image shows a mix of land cover types, including trees, grass, and a small area of land at the bottom left.","The image shows a mix of land cover types, including trees, a bridge, and a building.",0,0,0.0,0.0,0.0,0.0
tile_0234,campo,"The image shows a mix of land cover types, including trees, buildings, and a road.","The image shows a mix of land cover types, including trees, a bridge, and a golf field.",0,0,0.0,0.0,0.0,0.0
tile_0235,massa dagua,"The image shows a coastal area with a mix of land cover types, including trees, buildings, and a ship.","The remote sensing image shows a mix of land cover types, including trees, a golf field, and a road.",0,0,0.0,0.0,0.0,0.0
tile_0236,massa dagua,"The image shows a remote sensing scene with a mix of land cover types, including trees, buildings, and a road.","The image shows a mix of land cover types, including trees, grass, and a building.",0,0,0.0,0.0,0.0,0.0
tile_0237,massa dagua,"The image shows a coastal area with a mix of land cover types, including trees and rocks.","The remote sensing image shows a mix of land cover types, including trees, grass, and a building.",0,0,0.0,0.0,0.0,0.0
tile_0238,vegetacao cultivada,"The image shows a mix of land cover types, including trees, buildings, and a road.","The image shows a mix of land cover types, including trees, a golf field, and a road.",0,0,0.0,0.0,0.0,0.0
tile_0239,vegetacao cultivada,"The image shows a mix of land cover types, including trees, shrubs, and a building, with some trees located at the bottom left and top right corners.","The image shows a mix of land cover types, including trees, buildings, and a road.",0,0,0.0,0.0,0.0,0.0
tile_0240,campo,"The image shows a mix of land cover types, including trees, a dam, and a road.","The image shows a mix of land cover types, including trees, a bridge, and a golf field.",0,0,0.0,0.0,0.0,0.0
tile_0241,vegetacao cultivada,"The image shows a mix of land cover types, including trees, buildings, and a road.","The image shows a mix of land cover types, including trees, a dam, and a road.",0,0,0.0,0.0,0.0,0.0
tile_0242,massa dagua,"The image shows a mix of land cover types, including trees, water, and a building.","The image shows a mix of land cover types, including trees, a golf field, and a body of water.",0,0,0.0,0.0,0.0,0.0
tile_0243,campo,"The image shows a mix of land cover types, including trees, grass, and a building.","The image shows a mix of land cover types, including trees, buildings, and a dam, with some trees located at the bottom left and top right corners.",0,0,0.0,0.0,0.0,0.0
tile_0244,vegetacao cultivada,"The image shows a mix of land cover types, including trees, buildings, and a road.","The image shows a mix of land cover types, including trees, buildings, and a bridge.",0,0,0.0,0.0,0.0,0.0
tile_0245,vegetacao cultivada,"The image shows a mix of land cover types, including trees, shrubs, and a building, with some trees located at the bottom right corner of the image.","The image shows a mix of land cover types, including trees, a dam, and a golf field.",0,0,0.0,0.0,0.0,0.0
tile_0246,campo,"The image shows a mix of land cover types, including trees, grass, and a small area of land at the top right corner.","The image shows a mix of land cover types, including trees, a golf field, and a road.",0,0,0.0,0.0,0.0,0.0
tile_0247,campo,"The image shows a coastal area with a mix of land cover types, including trees, buildings, and a road.","The image shows a mix of land cover types, including trees, a golf field, and a bridge.",0,0,0.0,0.0,0.0,0.0
tile_0248,floresta,"The image shows a mix of land cover types, including trees, shrubs, and grass, with some areas appearing to be more densely vegetated than others.","The image shows a mix of land cover types, including trees, a dam, and a road.",0,0,0.0,0.0,0.0,0.0
tile_0249,vegetacao cultivada,"The image shows a mix of land cover types, including trees, shrubs, and grass, with some areas appearing to be more densely vegetated than others.","The image shows a mix of land cover types, including trees, buildings, and a golf field.",0,0,0.0,0.0,0.0,0.0
tile_0250,vegetacao cultivada,"The image shows a mix of land cover types, including trees, water, and a small area of land at the bottom right.","The image shows a mix of land cover types, including trees, a golf field, and a bridge.",0,0,0.0,0.0,0.0,0.0
tile_0251,vegetacao cultivada,"The image shows a mix of land cover types, including trees, shrubs, and a golf field.","The image shows a mix of land cover types, including trees, water, and a small area of land at the bottom right.",0,0,0.0,0.0,0.0,0.0
tile_0252,vegetacao cultivada,"The image shows a mix of land cover types, including trees, buildings, and a road.","The image shows a mix of land cover types, including trees, buildings, and a road.",0,0,0.0,0.0,0.0,0.0
tile_0253,massa dagua,"The image shows a remote sensing scene with a mix of land cover types, including buildings, trees, and a road.","The image shows a mix of land cover types, including trees, grass, and a football field.",0,0,0.0,0.0,0.0,0.0
tile_0254,massa dagua,"The image shows a remote sensing scene with a mix of land cover types, including trees, flowers, and possibly a building or other structures in the background.","The image shows a mix of land cover types, including trees, a golf field, and a bridge.",0,0,0.0,0.0,0.0,0.0
tile_0255,vegetacao cultivada,"The image shows a mix of land cover types, including trees, flowers, and possibly a building or other structures in the background.","The image shows a mix of land cover types, including trees, buildings, and a road.",0,0,0.0,0.0,0.0,0.0
tile_0256,massa dagua,"The image shows a mix of land cover types, including trees, buildings, and a road.","The image shows a mix of land cover types, including trees, grass, and a body of water.",0,0,0.0,0.0,0.0,0.0
tile_0257,vegetacao cultivada,"The image shows a coastal area with a mix of land cover types, including trees, a ship, and a gray ship at the bottom.","The image shows a mix of land cover types, including trees, a dam, and a golf field.",0,0,0.0,0.0,0.0,0.0
tile_0258,vegetacao cultivada,"The image shows a mix of land cover types, including trees, buildings, and a road.","The image shows a mix of land cover types, including trees, buildings, and a golf course.",0,0,0.0,0.0,0.0,0.0
tile_0259,vegetacao cultivada,"The image shows a mix of land cover types, including trees, shrubs, and grass, with some areas appearing to be covered in leaves.","The image shows a mix of land cover types, including trees, buildings, and a road.",0,0,0.0,0.0,0.0,0.0
tile_0260,campo,"The image shows a mix of land cover types, including trees, shrubs, and a building, with some trees located at the bottom left and top right corners.","The image shows a mix of land cover types, including trees, grass, and a body of water.",0,0,0.0,0.0,0.0,0.0
tile_0261,campo,"The image shows a mix of land cover types, including trees, a building, and a road.","The image shows a mix of land cover types, including trees, a bridge, and a golf field.",0,0,0.0,0.0,0.0,0.0
tile_0262,floresta,"The image shows a mix of land cover types, including trees, shrubs, and grass, with some areas appearing to be covered in trees and shrubs.","The image shows a mix of land cover types, including trees, buildings, and a golf course.",0,0,0.0,0.0,0.0,0.0
tile_0263,campo,"The image shows a mix of land cover types, including trees, grass, and a building.","The image shows a mix of land cover types, including trees, a bridge, and a dam.",0,0,0.0,0.0,0.0,0.0
tile_0264,campo,The image shows a forest area with some trees at the bottom left and center.,"The image shows a mix of land cover types, including trees, a golf field, and a bridge.",0,0,0.0,0.0,0.0,0.0
tile_0265,campo,"The image shows a mix of land cover types, including trees, shrubs, and grass, with some areas appearing to be covered in moss.","The image shows a mix of land cover types, including trees, a golf course, and a pond.",0,0,0.0,0.0,0.0,0.0
tile_0266,campo,"The image shows a remote sensing scene with a mix of land cover types, including trees, grass, and a building.","The image shows a mix of land cover types, including trees, a dam, and a golf field.",0,0,0.0,0.0,0.0,0.0
tile_0267,vegetacao cultivada,"The image shows a mix of land cover types, including trees, buildings, and a road.","The image shows a mix of land cover types, including trees, buildings, and a road.",0,0,0.0,0.0,0.0,0.0
tile_0268,floresta,"The image shows a remote sensing scene with a mix of land cover types, including trees, shrubs, and grass.","The image shows a mix of land cover types, including trees, a dam, and a road.",0,0,0.0,0.0,0.0,0.0
tile_0269,vegetacao cultivada,"The image shows a mix of land cover types, including trees, buildings, and a road.","The image shows a mix of land cover types, including trees, a road, and a building.",0,0,0.0,0.0,0.0,0.0
tile_0270,vegetacao cultivada,"The image shows a mix of land cover types, including trees, a dam, and a road.","The image shows a mix of land cover types, including trees, buildings, and a road.",0,0,0.0,0.0,0.0,0.0
tile_0271,massa dagua,The image shows a land cover type of a large green area.,"The image shows a mix of land cover types, including trees, buildings, and a road.",0,0,0.0,0.0,0.0,0.0
tile_0272,massa dagua,"The image shows a mix of land cover types, including trees, shrubs, and grass, with some areas appearing to be more densely vegetated than others.","The image shows a mix of land cover types, including trees, a dam, and a road.",0,0,0.0,0.0,0.0,0.0
tile_0273,vegetacao cultivada,"The image shows a mix of land cover types, including trees, shrubs, and a building, with some trees located at the bottom left and top right corners.","The image shows a mix of land cover types, including trees, a dam, and a golf field.",0,0,0.0,0.0,0.0,0.0
tile_0274,campo,"The image shows a mix of land cover types, including trees, buildings, and a road.","The image shows a mix of land cover types, including trees, buildings, and a dam, with some trees located at the bottom left and top left corners.",0,0,0.0,0.0,0.0,0.0
tile_0275,vegetacao cultivada,"The image shows a mix of land cover types, including trees, buildings, and a road.","The image shows a mix of land cover types, including trees, buildings, and a roundabout.",0,0,0.0,0.0,0.0,0.0
tile_0276,vegetacao cultivada,"The image shows a mix of land cover types, including trees, shrubs, and grass, with some areas appearing to be covered in leaves.","The image shows a mix of land cover types, including trees, buildings, and a road.",0,0,0.0,0.0,0.0,0.0
tile_0277,vegetacao cultivada,"The image shows a remote sensing scene with a mix of land cover types, including trees, a rock, and a road.","The image shows a mix of land cover types, including trees, buildings, and a golf field.",0,0,0.0,0.0,0.0,0.0
tile_0278,vegetacao cultivada,"The image shows a mix of land cover types, including trees, a building, and a road.","The image shows a mix of land cover types, including trees, a golf field, and a pond.",0,0,0.0,0.0,0.0,0.0
tile_0279,campo,"The image shows a mix of land cover types, including trees, shrubs, and grass, with some areas appearing to be covered in moss.","The image shows a mix of land cover types, including trees, buildings, and a dam, with some trees located at the bottom left and top right.",0,0,0.0,0.0,0.0,0.0
tile_0280,vegetacao cultivada,"The image shows a mix of land cover types, including trees, a road, and a building.","The image shows a mix of land cover types, including trees, buildings, and a roundabout.",0,0,0.0,0.0,0.0,0.0
tile_0281,vegetacao cultivada,"The image shows a mix of land cover types, including trees, grass, and a golf field.","The image shows a mix of land cover types, including trees, buildings, and a road.",0,0,0.0,0.0,0.0,0.0
tile_0282,campo,"The image shows a mix of land cover types, including trees, a road, and a building.","The image shows a mix of land cover types, including trees, buildings, and a golf field.",0,0,0.0,0.0,0.0,0.0
tile_0283,campo,"The image shows a mix of land cover types, including trees, a golf field, and a road.","The image shows a mix of land cover types, including trees, a dam, and a golf field.",0,0,0.0,0.0,0.0,0.0
tile_0284,campo,"The image shows a mix of land cover types, including trees, grass, and a building.","The image shows a mix of land cover types, including trees, buildings, and a dam.",0,0,0.0,0.0,0.0,0.0
tile_0285,vegetacao cultivada,"The image shows a mix of land cover types, including trees, shrubs, and grass, with some areas appearing to be covered in trees.","The image shows a mix of land cover types, including trees, buildings, and a road.",0,0,0.0,0.0,0.0,0.0
tile_0286,floresta,"The image shows a remote sensing scene with a mix of land cover types, including trees, buildings, and a road.","The image shows a mix of land cover types, including trees, a dam, and a road.",0,0,0.0,0.0,0.0,0.0
tile_0287,vegetacao cultivada,"The image shows a remote sensing scene with a mix of land cover types, including trees, a road, and a building.","The image shows a mix of land cover types, including trees, buildings, and a road.",0,0,0.0,0.0,0.0,0.0
tile_0288,campo,"The image shows a mix of land cover types, including trees, buildings, and a road.","The image shows a mix of land cover types, including trees, a golf course, and a building.",0,0,0.0,0.0,0.0,0.0
tile_0289,massa dagua,"The image shows a remote sensing scene with a mix of land cover types, including trees, buildings, and a road.","The image shows a mix of land cover types, including trees, grass, and a building.",0,0,0.0,0.0,0.0,0.0
tile_0290,vegetacao cultivada,The image shows a land cover type of trees at the bottom right.,"The image shows a mix of land cover types, including trees, a dam, and a road.",0,0,0.0,0.0,0.0,0.0
tile_0291,vegetacao cultivada,"The image shows a mix of land cover types, including trees, buildings, and a road.","The image shows a mix of land cover types, including trees, fields, and a road.",0,0,0.0,0.0,0.0,0.0
tile_0292,campo,"The image shows a mix of land cover types, including trees, buildings, and a road.","The image shows a mix of land cover types, including trees, buildings, and a road.",0,0,0.0,0.0,0.0,0.0
tile_0293,vegetacao cultivada,"The image shows a mix of land cover types, including trees, a road, and a building.","The image shows a mix of land cover types, including trees, a golf field, and a road.",0,0,0.0,0.0,0.0,0.0
tile_0294,vegetacao cultivada,"The image shows a mix of land cover types, including trees, shrubs, and grass, with some areas appearing to be more densely vegetated than others.","The image shows a mix of land cover types, including trees, grass, and a building.",0,0,0.0,0.0,0.0,0.0
tile_0295,campo,"The image shows a mix of land cover types, including trees, shrubs, and a golf field.","The image shows a mix of land cover types, including trees, buildings, and a golf course.",0,0,0.0,0.0,0.0,0.0
tile_0296,vegetacao cultivada,"The image shows a mix of land cover types, including trees, a dam, and a road.","The image shows a mix of land cover types, including trees, a dam, and a building.",0,0,0.0,0.0,0.0,0.0
tile_0297,vegetacao cultivada,"The image shows a mix of land cover types, including trees, grass, and leaves, with some areas appearing to be covered in trees.","The image shows a mix of land cover types, including trees, a dam, and a golf field.",0,0,0.0,0.0,0.0,0.0
tile_0298,vegetacao cultivada,"The image shows a mix of land cover types, including trees, shrubs, and grass, with some areas appearing more densely vegetated than others.","The image shows a mix of land cover types, including trees, a dam, and a road.",0,0,0.0,0.0,0.0,0.0
tile_0299,vegetacao cultivada,"The image shows a mix of land cover types, including trees, grass, and a small area of water at the bottom right.","The image shows a mix of land cover types, including trees, buildings, and a roundabout.",0,0,0.0,0.0,0.0,0.0
tile_0300,vegetacao cultivada,"The image shows a mix of land cover types, including trees, shrubs, and grass, with some areas appearing to be more densely vegetated than others.","The image shows a mix of land cover types, including trees, buildings, and a golf field.",0,0,0.0,0.0,0.0,0.0
tile_0301,vegetacao cultivada,"The image shows a mix of land cover types, including trees, buildings, and a road.","The image shows a mix of land cover types, including trees, a dam, and a road.",0,0,0.0,0.0,0.0,0.0
tile_0302,vegetacao cultivada,"The image shows a mix of land cover types, including trees, buildings, and a road.","The image shows a mix of land cover types, including trees, buildings, and a golf field.",0,0,0.0,0.0,0.0,0.0
tile_0303,vegetacao cultivada,"The image shows a mix of land cover types, including trees, grass, and possibly a building or other structures in the background.","The image shows a mix of land cover types, including trees, a building, and a road.",0,0,0.0,0.0,0.0,0.0
tile_0304,floresta,"The image shows a mix of land cover types, including trees, shrubs, and grass, with some areas appearing to be covered in moss.","The image shows a mix of land cover types, including trees, a bridge, and a road.",0,0,0.0,0.0,0.0,0.0
tile_0305,floresta,"The image shows a remote sensing scene with a mix of land cover types, including trees, a golf field, and a road.","The image shows a mix of land cover types, including trees, a golf field, and a roundabout.",0,0,0.0,0.0,0.0,0.0
tile_0306,vegetacao cultivada,"The image shows a coastal area with a mix of land cover types, including trees, buildings, and a road.","The image shows a mix of land cover types, including trees, a golf field, and a roundabout.",0,0,0.0,0.0,0.0,0.0
tile_0307,massa dagua,"The image shows a coastal area with a mix of land cover types, including trees, buildings, and a road.","The image shows a mix of land cover types, including trees, a building, and a road.",0,0,0.0,0.0,0.0,0.0
tile_0308,vegetacao cultivada,"The image shows a mix of land cover types, including trees, shrubs, and a building, with some trees located at the top left and bottom right corners.","The image shows a mix of land cover types, including trees, buildings, and a bridge.",0,0,0.0,0.0,0.0,0.0
tile_0309,campo,"The image shows a mix of land cover types, including trees, buildings, and a road.","The image shows a mix of land cover types, including trees, buildings, and a road.",0,0,0.0,0.0,0.0,0.0
tile_0310,vegetacao cultivada,The image shows a forest area with some trees at the bottom left and right.,"The image shows a mix of land cover types, including trees, buildings, and a road.",0,0,0.0,0.0,0.0,0.0
tile_0311,vegetacao cultivada,"The image shows a mix of land cover types, including trees, shrubs, and grass, with some areas appearing to be more densely vegetated than others.","The image shows a mix of land cover types, including trees, a road, and a roundabout.",0,0,0.0,0.0,0.0,0.0
tile_0312,vegetacao cultivada,"The image shows a mix of land cover types, including trees, shrubs, and grass, with some areas appearing to be covered in leaves.","The image shows a mix of land cover types, including trees, buildings, and a golf field.",0,0,0.0,0.0,0.0,0.0
tile_0313,vegetacao cultivada,"The image shows a mix of land cover types, including trees, buildings, and a road.","The image shows a mix of land cover types, including trees, a dam, and a golf field.",0,0,0.0,0.0,0.0,0.0
tile_0314,vegetacao cultivada,"The image shows a mix of land cover types, including trees, windmills, and a single gray windmill at the center.","The image shows a mix of land cover types, including baseball fields, trees, and a dam.",0,0,0.0,0.0,0.0,0.0
tile_0315,vegetacao cultivada,"The image shows a mix of land cover types, including trees, grass, and a building.","The image shows a mix of land cover types, including trees, buildings, and a bridge.",0,0,0.0,0.0,0.0,0.0
tile_0316,vegetacao cultivada,"The image shows a remote sensing scene with a mix of land cover types, including trees, shrubs, and grass, with some areas appearing more green than others.","The image shows a mix of land cover types, including trees, a bridge, and a golf field.",0,0,0.0,0.0,0.0,0.0
tile_0317,floresta,"The image shows a mix of land cover types, including trees, buildings, and a road.","The image shows a mix of land cover types, including trees, buildings, and a road.",0,0,0.0,0.0,0.0,0.0
tile_0318,campo,"The image shows a mix of land cover types, including trees, a road, and a small area of land at the bottom right.","The image shows a mix of land cover types, including trees, buildings, and a dam.",0,0,0.0,0.0,0.0,0.0
tile_0319,floresta,"The image shows a mix of land cover types, including trees, a football field, and a road.","The image shows a mix of land cover types, including trees, buildings, and a road.",0,0,0.0,0.0,0.0,0.0
tile_0320,vegetacao cultivada,"The image shows a mix of land cover types, including trees, water, and a small area of land at the bottom left.","The image shows a mix of land cover types, including trees, a dam, and a road.",0,0,0.0,0.0,0.0,0.0
tile_0321,vegetacao cultivada,"The image shows a mix of land cover types, including trees, grass, and a small area of land at the bottom right.","The image shows a mix of land cover types, including trees, a building, and a road.",0,0,0.0,0.0,0.0,0.0
tile_0322,floresta,"The image shows a mix of land cover types, including trees, shrubs, and a golf field.","The image shows a mix of land cover types, including trees, a golf field, and a road.",0,0,0.0,0.0,0.0,0.0
tile_0323,floresta,"The image shows a remote sensing scene with a mix of land cover types, including trees, a golf field, and a road.","The image shows a mix of land cover types, including trees, a roundabout, and a road.",0,0,0.0,0.0,0.0,0.0
tile_0324,campo,"The image shows a coastal area with a mix of land cover types, including trees, grass, and a building.","The image shows a mix of land cover types, including trees, a golf field, and a bridge.",0,0,0.0,0.0,0.0,0.0
tile_0325,floresta,"The image shows a mix of land cover types, including trees, shrubs, and grass, with some areas appearing to be more densely vegetated than others.","The image shows a remote sensing scene with a mix of land cover types, including trees, a dam, and a road.",0,0,0.0,0.0,0.0,0.0
tile_0326,vegetacao cultivada,"The image shows a mix of land cover types, including trees, shrubs, and a building, with some trees located at the bottom left and top right corners.","The image shows a mix of land cover types, including trees, buildings, and a road.",0,0,0.0,0.0,0.0,0.0
tile_0327,vegetacao cultivada,"The image shows a mix of land cover types, including trees, shrubs, and grass, with some areas appearing to be covered in trees and shrubs.","The image shows a mix of land cover types, including trees, buildings, and a golf field.",0,0,0.0,0.0,0.0,0.0
tile_0328,vegetacao cultivada,"The image shows a mix of land cover types, including trees, buildings, and a road.","The image shows a mix of land cover types, including trees, buildings, and a golf field.",0,0,0.0,0.0,0.0,0.0
tile_0329,vegetacao cultivada,"The image shows a mix of land cover types, including trees, buildings, and a road.","The image shows a mix of land cover types, including trees, buildings, and a road.",0,0,0.0,0.0,0.0,0.0
tile_0330,vegetacao cultivada,"The image shows a mix of land cover types, including trees, grass, and possibly buildings or other structures.","The image shows a mix of land cover types, including trees, buildings, and a road.",0,0,0.0,0.0,0.0,0.0
tile_0331,vegetacao cultivada,"The image shows a mix of land cover types, including trees, fields, and possibly buildings or roads.","The image shows a mix of land cover types, including trees, fields, and a dam, with some trees located at the bottom left and top right.",0,0,0.0,0.0,0.0,0.0
tile_0332,vegetacao cultivada,"The image shows a mix of land cover types, including trees, shrubs, and grass, with some areas appearing to be covered in trees.","The image shows a mix of land cover types, including trees, a golf field, and a bridge.",0,0,0.0,0.0,0.0,0.0
tile_0333,vegetacao cultivada,"The image shows a mix of land cover types, including trees, shrubs, and grass, with some areas appearing to be covered in moss.","The image shows a mix of land cover types, including trees, a dam, and a golf field.",0,0,0.0,0.0,0.0,0.0
tile_0334,vegetacao cultivada,"The image shows a mix of land cover types, including trees, shrubs, and grass, with some areas appearing to be covered in trees and shrubs.","The image shows a mix of land cover types, including trees, buildings, and a dam, with some trees located at the bottom left and top right corners.",0,0,0.0,0.0,0.0,0.0
tile_0335,vegetacao cultivada,"The image shows a mix of land cover types, including trees, shrubs, and grass, with some areas appearing to be more densely vegetated than others.","The image shows a mix of land cover types, including trees, a golf field, and a bridge.",0,0,0.0,0.0,0.0,0.0
tile_0336,floresta,"The image shows a remote sensing scene with a mix of land cover types, including trees, a road, and a building.","The image shows a mix of land cover types, including trees, a dam, and a road.",0,0,0.0,0.0,0.0,0.0
tile_0337,vegetacao cultivada,"The image shows a mix of land cover types, including trees, a road, and a roundabout.","The image shows a mix of land cover types, including trees, buildings, and a road.",0,0,0.0,0.0,0.0,0.0
tile_0338,vegetacao cultivada,"The image shows a mix of land cover types, including trees, buildings, and a road.","The image shows a mix of land cover types, including trees, a golf field, and a bridge.",0,0,0.0,0.0,0.0,0.0
tile_0339,campo,"The image shows a mix of land cover types, including trees, shrubs, and grass, with some areas appearing to be covered in trees and shrubs.","The image shows a mix of land cover types, including trees, buildings, and a road.",0,0,0.0,0.0,0.0,0.0
tile_0340,floresta,"The image shows a remote sensing scene with a mix of land cover types, including trees, buildings, and a road.","The image shows a mix of land cover types, including trees, a golf field, and a road.",0,0,0.0,0.0,0.0,0.0
tile_0341,vegetacao cultivada,"The image shows a mix of land cover types, including trees, a dam, and a road.","The image shows a mix of land cover types, including trees, a dam, and a road.",0,0,0.0,0.0,0.0,0.0
tile_0342,vegetacao cultivada,"The image shows a mix of land cover types, including trees, shrubs, and a golf field.","The image shows a mix of land cover types, including trees, buildings, and a golf field.",0,0,0.0,0.0,0.0,0.0
tile_0343,campo,"The image shows a mix of land cover types, including trees, buildings, and a road.","The image shows a mix of land cover types, including trees, buildings, and a road.",0,0,0.0,0.0,0.0,0.0
tile_0344,vegetacao cultivada,"The image shows a mix of land cover types, including trees, leaves, and a small amount of water.","The image shows a mix of land cover types, including trees, buildings, and a road.",0,0,0.0,0.0,0.0,0.0
tile_0345,vegetacao cultivada,"The image shows a mix of land cover types, including trees, a road, and a roundabout.","The image shows a mix of land cover types, including trees, buildings, and a road.",0,0,0.0,0.0,0.0,0.0
tile_0346,vegetacao cultivada,"The image shows a mix of land cover types, including trees, grass, and a road.","The image shows a mix of land cover types, including trees, buildings, and a golf course.",0,0,0.0,0.0,0.0,0.0
tile_0347,campo,"The image shows a mix of land cover types, including trees, grass, and a building.","The image shows a mix of land cover types, including trees, a dam, and a road.",0,0,0.0,0.0,0.0,0.0
tile_0348,floresta,"The image shows a mix of land cover types, including trees, shrubs, and grass, with some areas appearing greener than others.","The image shows a mix of land cover types, including trees, a bridge, and a building.",0,0,0.0,0.0,0.0,0.0
tile_0349,vegetacao cultivada,"The image shows a mix of land cover types, including trees, shrubs, and grass, with some areas appearing to be covered in leaves.","The image shows a mix of land cover types, including trees, a road, and a golf field.",0,0,0.0,0.0,0.0,0.0
tile_0350,vegetacao cultivada,"The image shows a mix of land cover types, including trees, grass, and possibly buildings or other structures, with some areas appearing to be more densely vegetated than others.","The image shows a mix of land cover types, including trees, a dam, and a golf field.",0,0,0.0,0.0,0.0,0.0
tile_0351,vegetacao cultivada,"The image shows a remote sensing scene with a mix of land cover types, including trees, water, and a small area of land at the top right corner.","The image shows a mix of land cover types, including trees, buildings, and a golf field.",0,0,0.0,0.0,0.0,0.0
tile_0352,vegetacao cultivada,The image shows a land cover type of a golf field with a large roundabout in the center.,"The image shows a mix of land cover types, including trees, buildings, and a golf field.",0,0,0.0,0.0,0.0,0.0
tile_0353,vegetacao cultivada,"The image shows a mix of land cover types, including trees, grass, and a building.","The image shows a mix of land cover types, including baseball fields, trees, and a building.",0,0,0.0,0.0,0.0,0.0
tile_0354,vegetacao cultivada,"The image shows a mix of land cover types, including trees, a golf field, and a road.","The image shows a mix of land cover types, including trees, grass, and a dam.",0,0,0.0,0.0,0.0,0.0
tile_0355,campo,"The image shows a mix of land cover types, including trees, buildings, and a road.","The image shows a mix of land cover types, including trees, buildings, and a road.",0,0,0.0,0.0,0.0,0.0
tile_0356,vegetacao cultivada,"The image shows a mix of land cover types, including trees, shrubs, and a golf field.","The image shows a mix of land cover types, including trees, a road, and a field.",0,0,0.0,0.0,0.0,0.0
tile_0357,vegetacao cultivada,"The image shows a mix of land cover types, including trees, shrubs, and grass, with some areas appearing to be covered in water.","The image shows a mix of land cover types, including trees, a building, and a road.",0,0,0.0,0.0,0.0,0.0
tile_0358,vegetacao cultivada,"The image shows a mix of land cover types, including trees, a road, and a roundabout.","The image shows a mix of land cover types, including trees, a road, and a building.",0,0,0.0,0.0,0.0,0.0
tile_0359,campo,"The image shows a mix of land cover types, including trees, a golf field, and a road.","The image shows a mix of land cover types, including trees, a golf field, and a road.",0,0,0.0,0.0,0.0,0.0
tile_0360,campo,"The image shows a mix of land cover types, including trees, shrubs, and grass, with some areas appearing to be more densely vegetated than others.","The image shows a mix of land cover types, including trees, buildings, and a road.",0,0,0.0,0.0,0.0,0.0
tile_0361,campo,"The image shows a mix of land cover types, including trees, grass, and a building.","The image shows a mix of land cover types, including trees, buildings, and a road.",0,0,0.0,0.0,0.0,0.0
tile_0362,campo,"The image shows a mix of land cover types, including trees, grass, and a building.","The image shows a mix of land cover types, including trees, a building, and a road.",0,0,0.0,0.0,0.0,0.0
tile_0363,vegetacao cultivada,"The image shows a mix of land cover types, including trees, shrubs, and a building.","The image shows a mix of land cover types, including trees, buildings, and a road.",0,0,0.0,0.0,0.0,0.0
tile_0364,vegetacao cultivada,"The image shows a mix of land cover types, including trees, buildings, and a road.","The image shows a mix of land cover types, including trees, buildings, and a road.",0,0,0.0,0.0,0.0,0.0
tile_0365,campo,"The image shows a mix of land cover types, including trees, a golf field, and a road.","The image shows a mix of land cover types, including trees, a building, and a road.",0,0,0.0,0.0,0.0,0.0
tile_0366,vegetacao cultivada,"The image shows a mix of land cover types, including trees, buildings, and a road.","The image shows a mix of land cover types, including trees, a bridge, and a building.",0,0,0.0,0.0,0.0,0.0
tile_0367,vegetacao cultivada,"The image shows a remote sensing scene with a mix of land cover types, including trees, buildings, and a road.","The image shows a mix of land cover types, including trees, buildings, and a golf field.",0,0,0.0,0.0,0.0,0.0
tile_0368,vegetacao cultivada,"The image shows a mix of land cover types, including trees, buildings, and a road.","The image shows a mix of land cover types, including trees, buildings, and a golf course.",0,0,0.0,0.0,0.0,0.0
tile_0369,floresta,"The image shows a mix of land cover types, including trees, grass, and a road.","The image shows a mix of land cover types, including trees, a building, and a road.",0,0,0.0,0.0,0.0,0.0
tile_0370,vegetacao cultivada,"The image shows a mix of land cover types, including trees, bushes, and grass, with some buildings and roads visible in the background.","The image shows a mix of land cover types, including trees, a bridge, and a golf field.",0,0,0.0,0.0,0.0,0.0
tile_0371,floresta,"The image shows a mix of land cover types, including trees, buildings, and a road.","The image shows a mix of land cover types, including trees, a dam, and a road.",0,0,0.0,0.0,0.0,0.0
tile_0372,vegetacao cultivada,"The image shows a bridge and some trees in the center, with the bridge being the most prominent feature.","The image shows a mix of land cover types, including trees, buildings, and a golf field.",0,0,0.0,0.0,0.0,0.0
tile_0373,vegetacao cultivada,The image shows a land cover type of trees at the bottom left.,"The image shows a mix of land cover types, including trees, a building, and a road.",0,0,0.0,0.0,0.0,0.0
tile_0374,campo,"The image shows a mix of land cover types, including trees, shrubs, and a golf field.","The image shows a mix of land cover types, including trees, a road, and a golf field.",0,0,0.0,0.0,0.0,0.0
tile_0375,vegetacao cultivada,"The image shows a mix of land cover types, including trees, flowers, and possibly a building or other structures in the background.","The image shows a mix of land cover types, including trees, a golf field, and a bridge.",0,0,0.0,0.0,0.0,0.0
tile_0376,vegetacao cultivada,"The image shows a mix of land cover types, including trees, a golf field, and a road.","The image shows a mix of land cover types, including trees, a building, and a road.",0,0,0.0,0.0,0.0,0.0
tile_0377,campo,"The image shows a coastal area with a mix of land cover types, including a large swimming-pool and a small swimming-pool.","The image shows a mix of land cover types, including trees, a golf field, and a bridge.",0,0,0.0,0.0,0.0,0.0
